,Unnamed: 0,Business_links,Zipcode_searched
0,0,https://www.yelp.com/biz/a-account-drain-cleaners-llc-and-plumbing-oklahoma-city?osq=plumbing,73101
1,1,https://www.yelp.com/biz/wiggys-plumbing-midwest-city?osq=plumbing,73101
2,2,https://www.yelp.com/biz/aladdin-plumbing-oklahoma-city?osq=plumbing,73101
3,3,https://www.yelp.com/biz/wynn-plumbing-oklahoma-city?osq=plumbing,73101
4,4,https://www.yelp.com/biz/henslees-plumbing-heating-and-air-oklahoma-city?osq=plumbing,73101
5,5,https://www.yelp.com/biz/jeans-plumbing-oklahoma-city?osq=plumbing,73101
6,6,https://www.yelp.com/biz/butler-plumbing-oklahoma-city-2?osq=plumbing,73101
7,7,https://www.yelp.com/biz/water-works-plumbing-oklahoma-city?osq=plumbing,73101
8,8,https://www.yelp.com/biz/greenhoward-plumbing-oklahoma-city?osq=plumbing,73101
9,9,https://www.yelp.com/biz/schuler-enterprises-oklahoma-city?osq=plumbing,73101
10,10,https://www.yelp.com/biz/hull-plumbing-oklahoma-city-2?osq=plumbing,73101
11,11,https://www.yelp.com/biz/route-66-plumbing-oklahoma-city?osq=plumbing,73101
12,12,https://www.yelp.com/biz/hunter-super-techs-edmond?osq=plumbing,73101
13,13,https://www.yelp.com/biz/liszeski-plumbing-yukon-3?osq=plumbing,73101
14,14,https://www.yelp.com/biz/advanced-plumbing-specialist-s-oklahoma-city?osq=plumbing,73101
15,15,https://www.yelp.com/biz/pipe-down-slab-leak-repair-edmond?osq=plumbing,73101
16,16,https://www.yelp.com/biz/anderson-plumbing-bethany-2?osq=plumbing,73101
17,17,https://www.yelp.com/biz/lieber-plumbing-heating-and-air-conditioning-oklahoma-city?osq=plumbing,73101
18,18,https://www.yelp.com/biz/b-and-d-mechanical-oklahoma-city?osq=plumbing,73101
19,19,https://www.yelp.com/biz/24-hour-emergency-plumbers-oklahoma-city?osq=plumbing,73101
21,21,https://www.yelp.com/biz/bullseye-plumbing-oklahoma-city?osq=plumbing,73101
22,22,https://www.yelp.com/biz/ferguson-plumbing-supply-oklahoma-city?osq=plumbing,73101
23,23,https://www.yelp.com/biz/cherokee-plumbing-edmond?osq=plumbing,73101
24,24,https://www.yelp.com/biz/vip-plumbingok-harrah-2?osq=plumbing,73101
25,25,https://www.yelp.com/biz/joe-the-plumber-midwest-city?osq=plumbing,73101
26,26,https://www.yelp.com/biz/fs-plumbing-and-backflow-oklahoma-city?osq=plumbing,73101
27,27,https://www.yelp.com/biz/ready-septic-oklahoma-city?osq=plumbing,73101
28,28,https://www.yelp.com/biz/green-lion-plumbing-edmond?osq=plumbing,73101
29,29,https://www.yelp.com/biz/don-co-plumbing-oklahoma-city?osq=plumbing,73101
30,30,https://www.yelp.com/biz/jays-plumbing-and-heating-oklahoma-city?osq=plumbing,73101
31,31,https://www.yelp.com/biz/good-old-days-plumbing-midwest-city?osq=plumbing,73101
32,32,https://www.yelp.com/biz/giesbrecht-drain-cleaning-oklahoma-city-3?osq=plumbing,73101
33,33,https://www.yelp.com/biz/jeans-plumbing-jones?osq=plumbing,73101
34,34,https://www.yelp.com/biz/pro-skills-plumbing-choctaw?osq=plumbing,73101
35,35,https://www.yelp.com/biz/mullin-plumbing-available-oklahoma-city?osq=plumbing,73101
36,36,https://www.yelp.com/biz/plumbco-mustang?osq=plumbing,73101
37,37,https://www.yelp.com/biz/magic-plumbing-heating-and-air-llc-edmond?osq=plumbing,73101
38,38,https://www.yelp.com/biz/jakes-plumbing-oklahoma-city?osq=plumbing,73101
39,39,https://www.yelp.com/biz/southard-plumbing-oklahoma-city?osq=plumbing,73101
40,40,https://www.yelp.com/biz/southwest-mechanical-contractors-oklahoma-city?osq=plumbing,73101
41,41,https://www.yelp.com/biz/lifetime-plumbing-heat-and-air-oklahoma-city?osq=plumbing,73101
42,42,https://www.yelp.com/biz/darnell-plumbing-heat-and-air-conditioning-oklahoma-city-2?osq=plumbing,73101
43,43,https://www.yelp.com/biz/ter-rey-plumbing-co-oklahoma-city?osq=plumbing,73101
44,44,https://www.yelp.com/biz/hite-plumbing-heating-and-air-conditioning-oklahoma-city?osq=plumbing,73101
45,45,https://www.yelp.com/biz/royal-flush-plumbing-oklahoma-city?osq=plumbing,73101
46,46,https://www.yelp.com/biz/h2o-plumbing-solutions-guthrie?osq=plumbing,73101
47,47,https://www.yelp.com/biz/third-step-plumbing-bethany?osq=plumbing,73101
48,48,https://www.yelp.com/biz/couts-plumbing-oklahoma-city?osq=plumbing,73101
49,49,https://www.yelp.com/biz/hardesty-team-oklahoma-city?osq=plumbing,73101
50,50,https://www.yelp.com/biz/zaxs-plumbing-sewer-and-drain-oklahoma-city?osq=plumbing,73101
51,51,https://www.yelp.com/biz/leons-plumbing-heating-and-air-conditioning-norman-4?osq=plumbing,73101
52,52,https://www.yelp.com/biz/all-right-plumbing-oklahoma-city?osq=plumbing,73101
53,53,https://www.yelp.com/biz/pipe-doctors-edmond?osq=plumbing,73101
54,54,https://www.yelp.com/biz/mainstream-sewer-and-drain-service-oklahoma-city-2?osq=plumbing,73101
55,55,https://www.yelp.com/biz/a-t-s-plumbing-company-and-rooter-too-oklahoma-city?osq=plumbing,73101
56,56,https://www.yelp.com/biz/darnell-plumbing-heating-and-air-oklahoma-city-2?osq=plumbing,73101
57,57,https://www.yelp.com/biz/gordons-gregorys-oklahoma-city?osq=plumbing,73101
58,58,https://www.yelp.com/biz/asgard-maintenance-services-oklahoma-city?osq=plumbing,73101
59,59,https://www.yelp.com/biz/hollowell-plumbing-oklahoma-city?osq=plumbing,73101
60,60,https://www.yelp.com/biz/americas-choice-plumbing-oklahoma-city?osq=plumbing,73101
61,61,https://www.yelp.com/biz/custom-plumbing-by-chris-norman?osq=plumbing,73101
62,62,https://www.yelp.com/biz/russell-plumbing-oklahoma-city?osq=plumbing,73101
63,63,https://www.yelp.com/biz/rapid-water-heaters-oklahoma-city-2?osq=plumbing,73101
64,64,https://www.yelp.com/biz/grooms-irrigation-oklahoma-city-2?osq=plumbing,73101
65,65,https://www.yelp.com/biz/streets-oklahoma-city?osq=plumbing,73101
66,66,https://www.yelp.com/biz/hayes-plumbing-and-heating-oklahoma-city?osq=plumbing,73101
67,67,https://www.yelp.com/biz/buddys-plumbing-oklahoma-city-7?osq=plumbing,73101
68,68,https://www.yelp.com/biz/all-day-plumbing-heating-and-air-moore?osq=plumbing,73101
69,69,https://www.yelp.com/biz/kc-plumbing-yukon?osq=plumbing,73101
70,70,https://www.yelp.com/biz/arrow-water-well-service-piedmont-2?osq=plumbing,73101
71,71,https://www.yelp.com/biz/all-care-plumbing-services-oklahoma-city?osq=plumbing,73101
72,72,https://www.yelp.com/biz/a-amacs-plumbing-and-rooter-service-expert-sewer-and-drain-cleaning-oklahoma-city-2?osq=plumbing,73101
73,73,https://www.yelp.com/biz/m-and-k-mechanical-oklahoma-city?osq=plumbing,73101
74,74,https://www.yelp.com/biz/property-maintenance-and-home-solutions-edmond?osq=plumbing,73101
75,75,https://www.yelp.com/biz/airco-service-oklahoma-city-3?osq=plumbing,73101
76,76,https://www.yelp.com/biz/bowler-ernest-sr-oklahoma-city?osq=plumbing,73101
77,77,https://www.yelp.com/biz/quality-home-services-oklahoma-city?osq=plumbing,73101
78,78,https://www.yelp.com/biz/major-plumbing-sewer-and-drain-oklahoma-city?osq=plumbing,73101
79,79,https://www.yelp.com/biz/chem-can-services-oklahoma-city-2?osq=plumbing,73101
80,80,https://www.yelp.com/biz/arnolds-plumbing-oklahoma-city?osq=plumbing,73101
81,81,https://www.yelp.com/biz/plumb-ready-plumbing-oklahoma-city?osq=plumbing,73101
82,82,https://www.yelp.com/biz/morgan-plumbing-oklahoma-city?osq=plumbing,73101
83,83,https://www.yelp.com/biz/huse-plumbing-norman?osq=plumbing,73101
84,84,https://www.yelp.com/biz/okc-drainworks-oklahoma-city?osq=plumbing,73101
85,85,https://www.yelp.com/biz/jon-s-plumbing-and-handyman-services-edmond?osq=plumbing,73101
86,86,https://www.yelp.com/biz/yukon-plumbing-yukon?osq=plumbing,73101
87,87,https://www.yelp.com/biz/tiptons-plumbing-moore?osq=plumbing,73101
88,88,https://www.yelp.com/biz/darnell-plumbing-heating-and-air-tuttle?osq=plumbing,73101
89,89,https://www.yelp.com/biz/alliance-plumbing-and-heating-oklahoma-city?osq=plumbing,73101
90,90,https://www.yelp.com/biz/kirkland-plumbing-service-midwest-city?osq=plumbing,73101
91,91,https://www.yelp.com/biz/gordons-service-experts-moore?osq=plumbing,73101
92,92,https://www.yelp.com/biz/roto-rooter-oklahoma-city-4?osq=plumbing,73101
93,93,https://www.yelp.com/biz/matrix-mechanical-contracting-plumbing-heat-and-air-conditioning-bethany-4?osq=plumbing,73101
94,94,https://www.yelp.com/biz/butler-restoration-oklahoma-city?osq=plumbing,73101
95,95,https://www.yelp.com/biz/funk-sewer-and-drain-oklahoma-city-5?osq=plumbing,73101
96,96,https://www.yelp.com/biz/stone-creek-plumbing-services-oklahoma-city?osq=plumbing,73101
97,97,https://www.yelp.com/biz/neel-j-r-plbg-oklahoma-city?osq=plumbing,73101
98,98,https://www.yelp.com/biz/direct-air-norman-2?osq=plumbing,73101
99,99,https://www.yelp.com/biz/a-and-t-mechanical-edmond-2?osq=plumbing,73101
100,100,https://www.yelp.com/biz/oklahoma-city-slab-leak-repair-oklahoma-city?osq=plumbing,73101
101,101,https://www.yelp.com/biz/joes-rooting-and-drain-cleaning-service-oklahoma-city?osq=plumbing,73101
102,102,https://www.yelp.com/biz/edco-plumbing-oklahoma-city-17?osq=plumbing,73101
103,103,https://www.yelp.com/biz/kaul-hammond-plumbing-heat-and-air-edmond-2?osq=plumbing,73101
104,104,https://www.yelp.com/biz/dads-plumbing-oklahoma-city-2?osq=plumbing,73101
105,105,https://www.yelp.com/biz/five-star-plumbing-oklahoma-city-4?osq=plumbing,73101
106,106,https://www.yelp.com/biz/timbur-plumbing-edmond?osq=plumbing,73101
107,107,https://www.yelp.com/biz/reliable-septic-services-norman?osq=plumbing,73101
108,108,https://www.yelp.com/biz/jds-plumbing-and-utility-service-blanchard-2?osq=plumbing,73101
109,109,https://www.yelp.com/biz/spor-plumbing-norman?osq=plumbing,73101
110,110,https://www.yelp.com/biz/d-owen-construction-norman-3?osq=plumbing,73101
111,111,https://www.yelp.com/biz/green-and-sons-oklahoma-city?osq=plumbing,73101
112,112,https://www.yelp.com/biz/h2o-rooter-doctor-oklahoma-city?osq=plumbing,73101
113,113,https://www.yelp.com/biz/aaa-bathrooms-oklahoma-city-2?osq=plumbing,73101
114,114,https://www.yelp.com/biz/norman-plumbing-contractors-washington-2?osq=plumbing,73101
115,115,https://www.yelp.com/biz/advent-heat-air-plumbing-and-electric-choctaw?osq=plumbing,73101
116,116,https://www.yelp.com/biz/norman-heating-and-air-conditioning-norman-3?osq=plumbing,73101
117,117,https://www.yelp.com/biz/reinkes-total-home-services-oklahoma-city-4?osq=plumbing,73101
118,118,https://www.yelp.com/biz/advanced-air-specialist-oklahoma-city?osq=plumbing,73101
119,119,https://www.yelp.com/biz/911-restoration-of-oklahoma-city-oklahoma-city?osq=plumbing,73101
120,120,https://www.yelp.com/biz/daltons-plumbing-moore-2?osq=plumbing,73101
121,121,https://www.yelp.com/biz/help-services-edmond-2?osq=plumbing,73101
122,122,https://www.yelp.com/biz/stone-creek-plumbing-edmond?osq=plumbing,73101
123,123,https://www.yelp.com/biz/drain-man-plumbing-oklahoma-city?osq=plumbing,73101
124,124,https://www.yelp.com/biz/perkins-plumbing-inc-yukon?osq=plumbing,73101
125,125,https://www.yelp.com/biz/town-and-country-plumbing-harrah?osq=plumbing,73101
126,126,https://www.yelp.com/biz/champion-plumbing-edmond-6?osq=plumbing,73101
127,127,https://www.yelp.com/biz/redbud-construction-yukon-3?osq=plumbing,73101
128,128,https://www.yelp.com/biz/plumb-tech-midwest-city-3?osq=plumbing,73101
129,129,https://www.yelp.com/biz/a-drains-and-video-line-inspections-yukon?osq=plumbing,73101
130,130,https://www.yelp.com/biz/mckenna-heat-and-air-blanchard?osq=plumbing,73101
131,131,https://www.yelp.com/biz/city-plumbing-services-norman?osq=plumbing,73101
132,132,https://www.yelp.com/biz/true-tech-home-services-oklahoma-city-3?osq=plumbing,73101
133,133,https://www.yelp.com/biz/hodgens-construction-norman-3?osq=plumbing,73101
134,134,https://www.yelp.com/biz/ps911-services-oklahoma-city-2?osq=plumbing,73101
135,135,https://www.yelp.com/biz/aqua-plumbing-services-mcloud?osq=plumbing,73101
136,136,https://www.yelp.com/biz/excel-comfort-services-edmond?osq=plumbing,73101
137,137,https://www.yelp.com/biz/affordable-leak-detection-wellston?osq=plumbing,73101
138,138,https://www.yelp.com/biz/bl3-plumbing-and-drain-cleaning-moore?osq=plumbing,73101
139,139,https://www.yelp.com/biz/a-better-plumbing-norman?osq=plumbing,73101
140,140,https://www.yelp.com/biz/best-choice-restoration-oklahoma-city?osq=plumbing,73101
141,141,https://www.yelp.com/biz/elite-irrigation-and-drainage-systems-lawton?osq=plumbing,73101
142,142,https://www.yelp.com/biz/affordable-plumbing-oklahoma-city?osq=plumbing,73101
143,143,https://www.yelp.com/biz/davids-plumbing-oklahoma-city?osq=plumbing,73101
144,144,https://www.yelp.com/biz/hvac-solutions-edmond-3?osq=plumbing,73101
145,145,https://www.yelp.com/biz/fixtpro-plumbing-group-oklahoma-city?osq=plumbing,73101
146,146,https://www.yelp.com/biz/hill-and-company-service-oklahoma-city-3?osq=plumbing,73101
147,147,https://www.yelp.com/biz/plumb-crazy-plumbing-oklahoma-city?osq=plumbing,73101
148,148,https://www.yelp.com/biz/iplumb-oklahoma-city?osq=plumbing,73101
149,149,https://www.yelp.com/biz/oklahoma-slab-leak-pro-oklahoma-city?osq=plumbing,73101
150,150,https://www.yelp.com/biz/hermans-plumbing-midwest-city?osq=plumbing,73101
151,151,https://www.yelp.com/biz/d-and-d-drain-norman?osq=plumbing,73101
152,152,https://www.yelp.com/biz/coe-plumbing-oklahoma-city?osq=plumbing,73101
153,153,https://www.yelp.com/biz/punctual-plumbing-oklahoma-city?osq=plumbing,73101
154,154,https://www.yelp.com/biz/drabek-and-hill-oklahoma-city?osq=plumbing,73101
155,155,https://www.yelp.com/biz/academy-disc-plumbing-and-repair-oklahoma-city?osq=plumbing,73101
156,156,https://www.yelp.com/biz/pro-rooter-oklahoma-city?osq=plumbing,73101
157,157,https://www.yelp.com/biz/mr-rooter-plumbing-of-oklahoma-city-oklahoma-city-5?osq=plumbing,73101
158,158,https://www.yelp.com/biz/stone-creek-plumbing-serv-oklahoma-city?osq=plumbing,73101
159,159,https://www.yelp.com/biz/drain-man-plumbing-oklahoma-city-2?osq=plumbing,73101
160,160,https://www.yelp.com/biz/andys-plumbing-oklahoma-city?osq=plumbing,73101
161,161,https://www.yelp.com/biz/brandons-plumbing-norman-4?osq=plumbing,73101
190,28,https://www.yelp.com/biz/legacy-4-plumbing-norman-7?osq=plumbing,73102
191,29,https://www.yelp.com/biz/grooms-sewer-and-plumbing-service-oklahoma-city?osq=plumbing,73102
192,30,https://www.yelp.com/biz/weir-family-plumbing-oklahoma-city?osq=plumbing,73102
193,31,https://www.yelp.com/biz/bst-plumbing-del-city?osq=plumbing,73102
194,32,https://www.yelp.com/biz/four-seasons-control-edmond-2?osq=plumbing,73102
195,33,https://www.yelp.com/biz/ab-discount-plumbing-oklahoma-city-3?osq=plumbing,73102
196,34,https://www.yelp.com/biz/t-a-miller-construction-and-plumbing-oklahoma-city?osq=plumbing,73102
197,35,https://www.yelp.com/biz/plumbtastic-solutions-oklahoma-city?osq=plumbing,73102
200,38,https://www.yelp.com/biz/chasetheplumber-oklahoma-city-3?osq=plumbing,73102
201,39,https://www.yelp.com/biz/nowell-and-sons-plumbing-oklahoma-city-4?osq=plumbing,73102
319,25,https://www.yelp.com/biz/bowler-and-sons-plumbing-oklahoma-city?osq=plumbing,73103
332,38,https://www.yelp.com/biz/clays-plumbing-and-heating-oklahoma-city?osq=plumbing,73103
334,40,https://www.yelp.com/biz/homeland-plumbing-moore?osq=plumbing,73103
340,46,https://www.yelp.com/biz/okc-winnelson-company-oklahoma-city-2?osq=plumbing,73103
343,49,https://www.yelp.com/biz/bluefrog-plumbing-drain-of-oklahoma-city-oklahoma-city-2?osq=plumbing,73103
344,50,https://www.yelp.com/biz/skyline-plumbing-and-construction-oklahoma-city-3?osq=plumbing,73103
350,56,https://www.yelp.com/biz/repipe-specialists-oklahoma-city?osq=plumbing,73103
363,69,https://www.yelp.com/biz/reliable-blle-isle-plmbng-htng-and-ar-cndtnng-co-oklahoma-city?osq=plumbing,73103
366,72,https://www.yelp.com/biz/belle-isle-combustion-service-oklahoma-city?osq=plumbing,73103
371,77,https://www.yelp.com/biz/trade-mechanical-contractors-oklahoma-city?osq=plumbing,73103
372,78,https://www.yelp.com/biz/harrison-orr-air-conditioning-oklahoma-city?osq=plumbing,73103
373,79,https://www.yelp.com/biz/avant-plumbing-and-heating-oklahoma-city?osq=plumbing,73103
426,132,https://www.yelp.com/biz/public-insurance-claim-adjuster-oklahoma-city?osq=plumbing,73103
456,3,https://www.yelp.com/biz/jet-plumbing-service-oklahoma-city-3?osq=plumbing,73104
461,8,https://www.yelp.com/biz/stans-plumbing-bethany?osq=plumbing,73104
464,11,https://www.yelp.com/biz/red-dirt-plumbing-harrah?osq=plumbing,73104
467,14,https://www.yelp.com/biz/red-plains-plumbing-oklahoma-city-2?osq=plumbing,73104
468,15,https://www.yelp.com/biz/bobs-plumbing-norman?osq=plumbing,73104
477,24,https://www.yelp.com/biz/oasis-plumbing-and-mechanical-oklahoma-city?osq=plumbing,73104
485,32,https://www.yelp.com/biz/fox-plumbing-company-oklahoma-city?osq=plumbing,73104
499,46,https://www.yelp.com/biz/heartland-plumbing-oklahoma-city?osq=plumbing,73104
524,71,https://www.yelp.com/biz/friendly-plumbing-oklahoma-city?osq=plumbing,73104
530,77,https://www.yelp.com/biz/plumbing-masters-oklahoma-city?osq=plumbing,73104
542,89,https://www.yelp.com/biz/hope-plumbing-oklahoma-city?osq=plumbing,73104
550,97,https://www.yelp.com/biz/aces-three-plumbing-and-heating-oklahoma-city?osq=plumbing,73104
621,10,https://www.yelp.com/biz/truels-problem-solvers-oklahoma-city?osq=plumbing,73105
625,14,https://www.yelp.com/biz/randy-simons-plumbing-oklahoma-city?osq=plumbing,73105
627,16,https://www.yelp.com/biz/ever-ready-plumbing-heating-and-air-conditioning-oklahoma-city-3?osq=plumbing,73105
631,20,https://www.yelp.com/biz/cavnar-plumbing-oklahoma-city?osq=plumbing,73105
642,31,https://www.yelp.com/biz/smart-guy-plumbing-oklahoma-city?osq=plumbing,73105
647,36,https://www.yelp.com/biz/byrd-s-french-drain-solutions-oklahoma-city?osq=plumbing,73105
654,43,https://www.yelp.com/biz/silvernail-heat-air-plumbing-oklahoma-city?osq=plumbing,73105
655,44,https://www.yelp.com/biz/cs-plumbing-dale-3?osq=plumbing,73105
659,48,https://www.yelp.com/biz/ct-mep-oklahoma-city?osq=plumbing,73105
677,66,https://www.yelp.com/biz/water-source-technology-oklahoma-city?osq=plumbing,73105
681,70,https://www.yelp.com/biz/abobs-plumbing-oklahoma-city?osq=plumbing,73105
685,74,https://www.yelp.com/biz/silvernail-oklahoma-city?osq=plumbing,73105
688,77,https://www.yelp.com/biz/mullin-plumbing-oklahoma-city?osq=plumbing,73105
694,83,https://www.yelp.com/biz/platinum-plumbing-oklahoma-city?osq=plumbing,73105
701,90,https://www.yelp.com/biz/thunder-plumbing-oklahoma-city?osq=plumbing,73105
702,91,https://www.yelp.com/biz/minor-gerald-plumbing-heating-and-air-conditioning-oklahoma-city?osq=plumbing,73105
705,94,https://www.yelp.com/biz/pressley-plumbing-moore?osq=plumbing,73105
709,98,https://www.yelp.com/biz/wood-mark-plumbing-oklahoma-city?osq=plumbing,73105
710,99,https://www.yelp.com/biz/dks-plumbing-and-filtration-llc-midwest-city?osq=plumbing,73105
711,100,https://www.yelp.com/biz/advanced-plumbing-and-sewer-service-oklahoma-city?osq=plumbing,73105
713,102,https://www.yelp.com/biz/bryant-plumbing-heating-and-air-conditioning-oklahoma-city-2?osq=plumbing,73105
714,103,https://www.yelp.com/biz/jcm-specialty-service-del-city?osq=plumbing,73105
715,104,https://www.yelp.com/biz/alexander-plumbing-and-electric-oklahoma-city?osq=plumbing,73105
716,105,https://www.yelp.com/biz/patricks-george-plumbing-oklahoma-city?osq=plumbing,73105
722,111,https://www.yelp.com/biz/progress-plumbing-oklahoma-city?osq=plumbing,73105
730,119,https://www.yelp.com/biz/gary-ellis-plumbing-oklahoma-city?osq=plumbing,73105
732,121,https://www.yelp.com/biz/action-plumbing-oklahoma-city?osq=plumbing,73105
747,136,https://www.yelp.com/biz/blevins-hvac-and-plumbing-oklahoma-city?osq=plumbing,73105
748,137,https://www.yelp.com/biz/bruces-plumbing-oklahoma-city?osq=plumbing,73105
751,140,https://www.yelp.com/biz/plumbing-sales-oklahoma-city?osq=plumbing,73105
752,141,https://www.yelp.com/biz/myers-alvin-plumbing-oklahoma-city?osq=plumbing,73105
754,143,https://www.yelp.com/biz/gregorys-plumbing-oklahoma-city?osq=plumbing,73105
757,146,https://www.yelp.com/biz/trouble-shooters-oklahoma-city?osq=plumbing,73105
761,150,https://www.yelp.com/biz/metro-plex-foundation-and-drain-systems-oklahoma-city?osq=plumbing,73105
762,151,https://www.yelp.com/biz/peak-energy-hardesty-team-oklahoma-city?osq=plumbing,73105
765,154,https://www.yelp.com/biz/metro-service-company-oklahoma-city?osq=plumbing,73105
768,157,https://www.yelp.com/biz/southwest-water-works-oklahoma-city?osq=plumbing,73105
771,160,https://www.yelp.com/biz/american-eagle-rooter-and-sewer-service-oklahoma-city?osq=plumbing,73105
774,163,https://www.yelp.com/biz/clean-club-edmond?osq=plumbing,73105
777,166,https://www.yelp.com/biz/aladdin-plumbing-oklahoma-city-3?osq=plumbing,73105
780,169,https://www.yelp.com/biz/pipes-plus-plumbing-oklahoma-city-2?osq=plumbing,73105
784,173,https://www.yelp.com/biz/payless-plumbing-oklahoma-city-2?osq=plumbing,73105
791,180,https://www.yelp.com/biz/american-leak-detection-oklahoma-city?osq=plumbing,73105
797,186,https://www.yelp.com/biz/sooner-service-oklahoma-city?osq=plumbing,73105
807,196,https://www.yelp.com/biz/mechanical-technology-by-barry-oklahoma-city?osq=plumbing,73105
818,207,https://www.yelp.com/biz/harrah-plumbing-mcloud-3?osq=plumbing,73105
854,33,https://www.yelp.com/biz/brakefield-plumbing-and-heating-yukon?osq=plumbing,73106
874,53,https://www.yelp.com/biz/the-plumbing-company-oklahoma-city?osq=plumbing,73106
878,57,https://www.yelp.com/biz/d-and-j-plumbing-oklahoma-city?osq=plumbing,73106
879,58,https://www.yelp.com/biz/chet-walcott-plumbing-oklahoma-city?osq=plumbing,73106
1008,14,https://www.yelp.com/biz/backwoods-plumbing-sewer-and-drain-cleaning-specialists-yukon?osq=plumbing,73107
1040,46,https://www.yelp.com/biz/wright-cyrus-plumbing-yukon?osq=plumbing,73107
1042,48,https://www.yelp.com/biz/hollowell-plumbing-oklahoma-city-2?osq=plumbing,73107
1046,52,https://www.yelp.com/biz/tate-plumbing-oklahoma-city?osq=plumbing,73107
1048,54,https://www.yelp.com/biz/jerrys-plumbing-edmond?osq=plumbing,73107
1057,63,https://www.yelp.com/biz/wayne-perry-plumbing-heating-and-air-conditioning-oklahoma-city?osq=plumbing,73107
1079,85,https://www.yelp.com/biz/rucker-mechanical-and-electric-oklahoma-city?osq=plumbing,73107
1081,87,https://www.yelp.com/biz/stone-creek-plumbing-oklahoma-city?osq=plumbing,73107
1083,89,https://www.yelp.com/biz/pauls-plumbing-bethany?osq=plumbing,73107
1084,90,https://www.yelp.com/biz/gregorys-plumbing-co-oklahoma-city-2?osq=plumbing,73107
1090,96,https://www.yelp.com/biz/oklahoma-city-plumbing-company-oklahoma-city?osq=plumbing,73107
1091,97,https://www.yelp.com/biz/eric-the-plumber-bethany?osq=plumbing,73107
1095,101,https://www.yelp.com/biz/southeast-plumbing-and-backhoe-bethany-8?osq=plumbing,73107
1101,107,https://www.yelp.com/biz/b-and-r-plumbing-heat-and-air-bethany?osq=plumbing,73107
1109,115,https://www.yelp.com/biz/anderson-plumbing-company-oklahoma-city?osq=plumbing,73107
1113,119,https://www.yelp.com/biz/haynes-john-e-plumbing-bethany?osq=plumbing,73107
1116,122,https://www.yelp.com/biz/plumbing-masters-bethany?osq=plumbing,73107
1117,123,https://www.yelp.com/biz/mid-city-plumbing-oklahoma-city?osq=plumbing,73107
1122,128,https://www.yelp.com/biz/reddy-rooter-warr-acres?osq=plumbing,73107
1123,129,https://www.yelp.com/biz/professional-plumbing-services-oklahoma-city?osq=plumbing,73107
1124,130,https://www.yelp.com/biz/eagan-plumbing-bethany?osq=plumbing,73107
1126,132,https://www.yelp.com/biz/plumb-crazy-plumbing-and-drains-bethany?osq=plumbing,73107
1135,141,https://www.yelp.com/biz/b-and-r-pump-and-equipment-oklahoma-city?osq=plumbing,73107
1136,142,https://www.yelp.com/biz/johnnys-plumbing-heating-and-air-conditioning-oklahoma-city?osq=plumbing,73107
1137,143,https://www.yelp.com/biz/ars-oklahoma-city?osq=plumbing,73107
1138,144,https://www.yelp.com/biz/anyhour-plumbing-and-sewer-oklahoma-city?osq=plumbing,73107
1140,146,https://www.yelp.com/biz/roby-johnny-g-oklahoma-city?osq=plumbing,73107
1141,147,https://www.yelp.com/biz/american-residential-services-of-ok-oklahoma-city?osq=plumbing,73107
1142,148,https://www.yelp.com/biz/amco-lynch-electric-plumbing-heat-and-air-oklahoma-city?osq=plumbing,73107
1143,149,https://www.yelp.com/biz/browns-construction-oklahoma-city?osq=plumbing,73107
1144,150,https://www.yelp.com/biz/bethany-plbg-bethany?osq=plumbing,73107
1147,153,https://www.yelp.com/biz/roto-rooter-oklahoma-city-oklahoma-city?osq=plumbing,73107
1151,157,https://www.yelp.com/biz/southern-oaks-plumbing-oklahoma-city?osq=plumbing,73107
1153,159,https://www.yelp.com/biz/plumbers-okc-oklahoma-city-4?osq=plumbing,73107
1155,161,https://www.yelp.com/biz/rooter-max-bethany?osq=plumbing,73107
1157,163,https://www.yelp.com/biz/b-and-d-plumbing-oklahoma-city?osq=plumbing,73107
1158,164,https://www.yelp.com/biz/reddy-rooter-bethany?osq=plumbing,73107
1162,168,https://www.yelp.com/biz/handleys-plumbing-oklahoma-city?osq=plumbing,73107
1169,175,https://www.yelp.com/biz/neeley-james-r-oklahoma-city?osq=plumbing,73107
1170,176,https://www.yelp.com/biz/all-hours-plumbing-heating-and-air-conditioning-oklahoma-city?osq=plumbing,73107
1173,179,https://www.yelp.com/biz/randall-mechanical-service-oklahoma-city?osq=plumbing,73107
1174,180,https://www.yelp.com/biz/baxter-electric-heating-and-air-conditioning-oklahoma-city?osq=plumbing,73107
1175,181,https://www.yelp.com/biz/homeland-plumbing-heating-and-air-oklahoma-city?osq=plumbing,73107
1176,182,https://www.yelp.com/biz/flair-it-okc-oklahoma-city?osq=plumbing,73107
1178,184,https://www.yelp.com/biz/randalls-mechanical-heating-and-air-oklahoma-city?osq=plumbing,73107
1186,192,https://www.yelp.com/biz/george-patricks-plumbing-oklahoma-city?osq=plumbing,73107
1188,194,https://www.yelp.com/biz/mr-comfort-oklahoma-city?osq=plumbing,73107
1272,58,https://www.yelp.com/biz/alliance-fire-protection-oklahoma-city?osq=plumbing,73108
1281,67,https://www.yelp.com/biz/brinkleys-plumbing-oklahoma-city-2?osq=plumbing,73108
1291,77,https://www.yelp.com/biz/james-plumbing-repair-service-oklahoma-city?osq=plumbing,73108
1300,86,https://www.yelp.com/biz/jcc-plumbing-oklahoma-city?osq=plumbing,73108
1307,93,https://www.yelp.com/biz/b-and-r-plumbing-heat-and-air-oklahoma-city?osq=plumbing,73108
1308,94,https://www.yelp.com/biz/dwight-patricks-plumbing-oklahoma-city?osq=plumbing,73108
1315,101,https://www.yelp.com/biz/all-plumbing-and-leak-locating-oklahoma-city?osq=plumbing,73108
1331,117,https://www.yelp.com/biz/brinkleys-plumbing-oklahoma-city?osq=plumbing,73108
1337,123,https://www.yelp.com/biz/the-oldfashion-handyman-oklahoma-city?osq=plumbing,73108
1342,128,https://www.yelp.com/biz/rpb-construction-oklahoma-city?osq=plumbing,73108
1348,134,https://www.yelp.com/biz/plumbing-plus-handyman-servuces-oklahoma-city?osq=plumbing,73108
1357,143,https://www.yelp.com/biz/schuler-plumbing-and-gas-fitting-company-oklahoma-city?osq=plumbing,73108
1363,149,https://www.yelp.com/biz/k-and-a-services-2019-oklahoma-city?osq=plumbing,73108
1388,174,https://www.yelp.com/biz/martell-mechanical-oklahoma-city?osq=plumbing,73108
1396,182,https://www.yelp.com/biz/oklahoma-painting-and-construction-oklahoma-city?osq=plumbing,73108
1523,89,https://www.yelp.com/biz/price-rite-plumbing-services-oklahoma-city-3?osq=plumbing,73109
1553,119,https://www.yelp.com/biz/price-rite-plumbing-oklahoma-city-2?osq=plumbing,73109
1555,121,https://www.yelp.com/biz/barnums-plumbing-service-oklahoma-city-2?osq=plumbing,73109
1558,124,https://www.yelp.com/biz/right-price-plumbing-oklahoma-city?osq=plumbing,73109
1569,135,https://www.yelp.com/biz/drain-right-plumbing-oklahoma-city?osq=plumbing,73109
1577,143,https://www.yelp.com/biz/southeast-plumbing-heating-and-air-oklahoma-city?osq=plumbing,73109
1597,163,https://www.yelp.com/biz/goure-tom-plumbing-heating-and-air-conditioning-moore?osq=plumbing,73109
1601,167,https://www.yelp.com/biz/next-level-plumbing-oklahoma-city?osq=plumbing,73109
1616,182,https://www.yelp.com/biz/redman-drilling-oklahoma-city-2?osq=plumbing,73109
1654,0,https://www.yelp.com/biz/pooter-rooter-and-plumbing-oklahoma-city?osq=plumbing,73110
1666,12,https://www.yelp.com/biz/chesters-plumbing-heating-and-air-conditioning-midwest-city?osq=plumbing,73110
1667,13,https://www.yelp.com/biz/integrity-plumbing-oklahoma-city?osq=plumbing,73110
1669,15,https://www.yelp.com/biz/boyle-services-inc-st-tulsa?osq=plumbing,73110
1673,19,https://www.yelp.com/biz/j-and-a-plumbing-midwest-city?osq=plumbing,73110
1676,22,https://www.yelp.com/biz/boyle-services-inc-midwest-city-2?osq=plumbing,73110
1683,29,https://www.yelp.com/biz/emergency-plumbing-oklahoma-city?osq=plumbing,73110
1684,30,https://www.yelp.com/biz/9-drains-plumbing-oklahoma-city?osq=plumbing,73110
1693,39,https://www.yelp.com/biz/hamilton-hurlan-jr-spencer?osq=plumbing,73110
1696,42,https://www.yelp.com/biz/coma-hurk-plumbing-spencer?osq=plumbing,73110
1698,44,https://www.yelp.com/biz/rapid-plumbers-okc-oklahoma-city?osq=plumbing,73110
1699,45,https://www.yelp.com/biz/toms-maintenance-and-home-repairs-midwest-city-2?osq=plumbing,73110
1710,56,https://www.yelp.com/biz/kellys-plumbing-supplies-nicoma-park?osq=plumbing,73110
1716,62,https://www.yelp.com/biz/vannoy-and-son-drilling-company-nicoma-park?osq=plumbing,73110
1717,63,https://www.yelp.com/biz/all-out-pump-service-and-drilling-oklahoma-city?osq=plumbing,73110
1720,66,https://www.yelp.com/biz/r-d-s-plumbing-and-construction-services-midwest-city?osq=plumbing,73110
1722,68,https://www.yelp.com/biz/red-plains-plumbing-oklahoma-city?osq=plumbing,73110
1727,73,https://www.yelp.com/biz/eastside-plumbing-spencer?osq=plumbing,73110
1731,77,https://www.yelp.com/biz/big-johns-plumbing-edmond?osq=plumbing,73110
1732,78,https://www.yelp.com/biz/plumb-safe-plumbing-edmond?osq=plumbing,73110
1738,84,https://www.yelp.com/biz/edmond-plumbing-edmond-2?osq=plumbing,73110
1739,85,https://www.yelp.com/biz/tri-sec-plumbing-oklahoma-city-2?osq=plumbing,73110
1740,86,https://www.yelp.com/biz/comfort-caire-plumbing-heating-and-air-conditioning-edmond?osq=plumbing,73110
1741,87,https://www.yelp.com/biz/ramsey-mike-plumbing-edmond?osq=plumbing,73110
1742,88,https://www.yelp.com/biz/bryant-plumbing-heating-and-air-conditioning-oklahoma-city?osq=plumbing,73110
1748,94,https://www.yelp.com/biz/antwines-plumbing-heating-and-sewer-service-spencer?osq=plumbing,73110
1749,95,https://www.yelp.com/biz/chets-heating-and-air-conditioning-oklahoma-city?osq=plumbing,73110
1762,108,https://www.yelp.com/biz/heartland-mechanical-edmond?osq=plumbing,73110
1763,109,https://www.yelp.com/biz/tarbutton-john-edmond?osq=plumbing,73110
1855,33,https://www.yelp.com/biz/dons-plumbing-midwest-city?osq=plumbing,73111
2203,177,https://www.yelp.com/biz/ever-ready-plumbing-heating-and-air-conditioning-oklahoma-city-2?osq=plumbing,73112
2259,13,https://www.yelp.com/biz/mallett-plumbing-and-utility-oklahoma-city?osq=plumbing,73113
2401,16,https://www.yelp.com/biz/above-all-plumbing-edmond?osq=plumbing,73114
2402,17,https://www.yelp.com/biz/edmond-plumbing-edmond-6?osq=plumbing,73114
2405,20,https://www.yelp.com/biz/quality-irrigation-edmond-2?osq=plumbing,73114
2408,23,https://www.yelp.com/biz/heritage-services-edmond?osq=plumbing,73114
2426,41,https://www.yelp.com/biz/edmond-air-conditioning-heating-and-plumbing-edmond-6?osq=plumbing,73114
2427,42,https://www.yelp.com/biz/woods-plumbing-and-sewer-service-edmond-2?osq=plumbing,73114
2430,45,https://www.yelp.com/biz/hickman-plumbing-edmond?osq=plumbing,73114
2432,47,https://www.yelp.com/biz/a-macs-plumbing-edmond?osq=plumbing,73114
2439,54,https://www.yelp.com/biz/plumb-genius-edmond?osq=plumbing,73114
2450,65,https://www.yelp.com/biz/gose-plumbing-edmond-2?osq=plumbing,73114
2462,77,https://www.yelp.com/biz/poling-plumbing-edmond-2?osq=plumbing,73114
2463,78,https://www.yelp.com/biz/price-plumbing-edmond?osq=plumbing,73114
2465,80,https://www.yelp.com/biz/mcguire-plumbing-edmond-2?osq=plumbing,73114
2472,87,https://www.yelp.com/biz/logans-plumbing-edmond?osq=plumbing,73114
2474,89,https://www.yelp.com/biz/hermans-plumbing-edmond?osq=plumbing,73114
2475,90,https://www.yelp.com/biz/olson-plumbing-company-edmond?osq=plumbing,73114
2478,93,https://www.yelp.com/biz/elder-plumbing-heating-and-air-conditioning-edmond-2?osq=plumbing,73114
2482,97,https://www.yelp.com/biz/greg-mullin-edmond?osq=plumbing,73114
2483,98,https://www.yelp.com/biz/minor-mechanical-edmond?osq=plumbing,73114
2485,100,https://www.yelp.com/biz/minor-gerald-edmond?osq=plumbing,73114
2496,111,https://www.yelp.com/biz/busch-dale-plumbing-edmond?osq=plumbing,73114
2499,114,https://www.yelp.com/biz/watts-plumbing-edmond?osq=plumbing,73114
2501,116,https://www.yelp.com/biz/lonnies-plumbing-edmond?osq=plumbing,73114
2511,126,https://www.yelp.com/biz/hardesty-team-air-conditioning-edmond?osq=plumbing,73114
2520,135,https://www.yelp.com/biz/ars-of-oklahoma-edmond?osq=plumbing,73114
2528,143,https://www.yelp.com/biz/nu-flow-oklahoma-edmond?osq=plumbing,73114
2544,159,https://www.yelp.com/biz/fairway-plumbing-edmond?osq=plumbing,73114
2560,175,https://www.yelp.com/biz/h2-plumbing-agra?osq=plumbing,73114
2565,180,https://www.yelp.com/biz/cozy-home-handyman-services-stillwater-2?osq=plumbing,73114
2858,94,https://www.yelp.com/biz/lilley-plumbing-and-repair-oklahoma-city?osq=plumbing,73116
3420,13,https://www.yelp.com/biz/my-plumber-oklahoma-city?osq=plumbing,73119
3486,79,https://www.yelp.com/biz/macs-plumbing-moore?osq=plumbing,73119
3499,92,https://www.yelp.com/biz/water-boys-plumbing-moore?osq=plumbing,73119
3517,110,https://www.yelp.com/biz/air-comfort-solutions-moore-2?osq=plumbing,73119
3518,111,https://www.yelp.com/biz/spencer-camerons-plumbing-moore?osq=plumbing,73119
3530,123,https://www.yelp.com/biz/pure-custom-plumbing-moore?osq=plumbing,73119
3533,126,https://www.yelp.com/biz/minards-plumbing-moore?osq=plumbing,73119
3684,76,https://www.yelp.com/biz/allied-plumbing-heating-and-air-conditioning-edmond?osq=plumbing,73120
4480,8,https://www.yelp.com/biz/als-cooling-heating-plum-norman?osq=plumbing,73125
4870,22,https://www.yelp.com/biz/champion-plumbing-yukon?osq=plumbing,73127
4880,32,https://www.yelp.com/biz/f-and-s-plumbing-yukon?osq=plumbing,73127
4883,35,https://www.yelp.com/biz/mr-mcgee-plumbing-yukon?osq=plumbing,73127
4887,39,https://www.yelp.com/biz/all-around-plumbing-llc-yukon?osq=plumbing,73127
4891,43,https://www.yelp.com/biz/clarks-plumbing-yukon?osq=plumbing,73127
4898,50,https://www.yelp.com/biz/bailey-brothers-plumbing-heating-and-air-conditioning-yukon-3?osq=plumbing,73127
4908,60,https://www.yelp.com/biz/hicks-heating-air-conditioning-mustang?osq=plumbing,73127
4926,78,https://www.yelp.com/biz/rc-plumbing-yukon?osq=plumbing,73127
4927,79,https://www.yelp.com/biz/hawkins-kirk-and-tina-yukon?osq=plumbing,73127
4934,86,https://www.yelp.com/biz/wedman-plumbing-and-co-yukon?osq=plumbing,73127
4937,89,https://www.yelp.com/biz/smith-plumbing-yukon?osq=plumbing,73127
4947,99,https://www.yelp.com/biz/bailey-keith-plumbing-yukon?osq=plumbing,73127
4949,101,https://www.yelp.com/biz/pipeworks-plumbing-yukon?osq=plumbing,73127
4951,103,https://www.yelp.com/biz/carls-plumbing-mustang?osq=plumbing,73127
4968,120,https://www.yelp.com/biz/glovers-plumbing-and-sewer-service-mustang?osq=plumbing,73127
4974,126,https://www.yelp.com/biz/bailey-brothers-oklahoma-city?osq=plumbing,73127
4985,137,https://www.yelp.com/biz/bens-plumbing-yukon?osq=plumbing,73127
4990,142,https://www.yelp.com/biz/fiddler-pool-construction-mustang?osq=plumbing,73127
5004,156,https://www.yelp.com/biz/advanced-plumbing-and-sewer-service-mustang?osq=plumbing,73127
5007,159,https://www.yelp.com/biz/davids-plumbing-heating-and-air-conditioning-yukon?osq=plumbing,73127
5012,164,https://www.yelp.com/biz/stevens-plumbing-oklahoma?osq=plumbing,73127
5013,165,https://www.yelp.com/biz/tomahawk-plumbing-yukon?osq=plumbing,73127
5017,169,https://www.yelp.com/biz/hannegan-enterprises-piedmont?osq=plumbing,73127
5023,175,https://www.yelp.com/biz/lopez-heating-and-air-conditioning-mustang?osq=plumbing,73127
5025,177,https://www.yelp.com/biz/mayabb-plumbing-and-welding-piedmont?osq=plumbing,73127
5048,200,https://www.yelp.com/biz/blevins-sooner-plumbing-heating-and-air-conditioning-piedmont?osq=plumbing,73127
5055,207,https://www.yelp.com/biz/1st-choice-plumbing-oklahoma-city?osq=plumbing,73127
5057,209,https://www.yelp.com/biz/skippers-handyman-and-plumbing-piedmont?osq=plumbing,73127
5067,219,https://www.yelp.com/biz/morgan-plumbing-yukon?osq=plumbing,73127
5082,14,https://www.yelp.com/biz/justins-plumbing-wayne?osq=plumbing,73128
5222,154,https://www.yelp.com/biz/tankco-hvac-and-plumbing-el-reno-2?osq=plumbing,73128
5496,28,https://www.yelp.com/biz/choctaw-plumbing-and-heating-choctaw?osq=plumbing,73130
5523,55,https://www.yelp.com/biz/country-ests-plumbing-heating-and-air-conditioning-choctaw?osq=plumbing,73130
5538,70,https://www.yelp.com/biz/lee-glen-choctaw?osq=plumbing,73130
5554,86,https://www.yelp.com/biz/deen-walter-c-choctaw?osq=plumbing,73130
5681,42,https://www.yelp.com/biz/shaddix-and-sons-plumbing-edmond?osq=plumbing,73131
5728,89,https://www.yelp.com/biz/ingram-mechanical-edmond-2?osq=plumbing,73131
5763,124,https://www.yelp.com/biz/absolute-accurate-leak-detection-edmond?osq=plumbing,73131
6027,39,https://www.yelp.com/biz/higgins-plumbing-edmond?osq=plumbing,73134
6120,132,https://www.yelp.com/biz/williams-darrell-a-edmond?osq=plumbing,73134
6139,151,https://www.yelp.com/biz/big-d-plumbing-edmond?osq=plumbing,73134
6231,71,https://www.yelp.com/biz/plumbing-solutions-oklahoma-city?osq=plumbing,73135
6236,76,https://www.yelp.com/biz/brians-plumbing-and-showroom-oklahoma-city?osq=plumbing,73135
6271,111,https://www.yelp.com/biz/busch-henry-oklahoma-city?osq=plumbing,73135
6282,122,https://www.yelp.com/biz/gravitt-jerry-htg-and-air-oklahoma-city?osq=plumbing,73135
6334,174,https://www.yelp.com/biz/hunter-super-techs-pauls-valley-2?osq=plumbing,73135
6736,98,https://www.yelp.com/biz/rons-plumbing-oklahoma-city?osq=plumbing,73139
6808,170,https://www.yelp.com/biz/second-opinion-plumbing-heating-and-air-conditioning-oklahoma-city?osq=plumbing,73139
6960,10,https://www.yelp.com/biz/courtesy-plumbing-jones-2?osq=plumbing,73141
7032,82,https://www.yelp.com/biz/courtesy-plumbing-jones?osq=plumbing,73141
7592,165,https://www.yelp.com/biz/j-and-j-plumbing-newcastle?osq=plumbing,73144
7620,193,https://www.yelp.com/biz/h-m-s-heating-and-air-conditioning-newcastle?osq=plumbing,73144
8566,6,https://www.yelp.com/biz/new-age-plumbing-oklahoma-city?osq=plumbing,73150
8603,43,https://www.yelp.com/biz/all-good-plumbing-harrah?osq=plumbing,73150
8611,51,https://www.yelp.com/biz/goforth-plumbing-and-mechanical-choctaw?osq=plumbing,73150
8616,56,https://www.yelp.com/biz/irj-plumbing-newalla?osq=plumbing,73150
8618,58,https://www.yelp.com/biz/bob-usry-and-sons-plumbing-norman-2?osq=plumbing,73150
8621,61,https://www.yelp.com/biz/mastercraft-mechanical-newalla?osq=plumbing,73150
8626,66,https://www.yelp.com/biz/jacks-plumbing-harrah?osq=plumbing,73150
8635,75,https://www.yelp.com/biz/r-and-r-plumbing-mcloud?osq=plumbing,73150
8647,87,https://www.yelp.com/biz/a-z-plumbing-newalla?osq=plumbing,73150
8648,88,https://www.yelp.com/biz/irjs-plumbing-newalla?osq=plumbing,73150
8653,93,https://www.yelp.com/biz/all-good-plumbing-harrah-2?osq=plumbing,73150
8664,104,https://www.yelp.com/biz/brown-marc-plumbing-norman?osq=plumbing,73150
8691,131,https://www.yelp.com/biz/bob-morrell-plumbing-norman?osq=plumbing,73150
8719,159,https://www.yelp.com/biz/all-plumbing-solutions-norman?osq=plumbing,73150
8738,178,https://www.yelp.com/biz/certified-plumbing-norman?osq=plumbing,73150
8740,180,https://www.yelp.com/biz/rackleys-septic-service-harrah?osq=plumbing,73150
8760,200,https://www.yelp.com/biz/leons-plumbing-heating-and-air-norman?osq=plumbing,73150
8761,201,https://www.yelp.com/biz/s-and-s-plumbing-ii-norman?osq=plumbing,73150
8772,212,https://www.yelp.com/biz/metrorooter-plumbing-norman-2?osq=plumbing,73150
8852,72,https://www.yelp.com/biz/do-it-wright-plumbing-arcadia?osq=plumbing,73151
8909,129,https://www.yelp.com/biz/edgewater-plumbing-edmond?osq=plumbing,73151
8938,158,https://www.yelp.com/biz/a-and-d-plumbing-edmond?osq=plumbing,73151
8952,172,https://www.yelp.com/biz/nbc-plumbing-and-heating-edmond?osq=plumbing,73151
8969,189,https://www.yelp.com/biz/dennis-hubbard-plumbing-edmond?osq=plumbing,73151
8983,203,https://www.yelp.com/biz/clearwater-plumbing-edmond?osq=plumbing,73151
8985,205,https://www.yelp.com/biz/ecowater-systems-edmond-5?osq=plumbing,73151
10081,14,https://www.yelp.com/biz/shaver-plumbing-heating-and-air-norman?osq=plumbing,73160
10187,120,https://www.yelp.com/biz/hayes-and-delcid-plumbing-norman?osq=plumbing,73160
10188,121,https://www.yelp.com/biz/strategier-plumbing-norman?osq=plumbing,73160
10192,125,https://www.yelp.com/biz/m-d-s-plumbing-norman?osq=plumbing,73160
10199,132,https://www.yelp.com/biz/quality-plumbing-and-heating-of-norman-inc-norman?osq=plumbing,73160
10203,136,https://www.yelp.com/biz/par-sprinkler-norman?osq=plumbing,73160
10216,149,https://www.yelp.com/biz/american-water-solutions-newcastle?osq=plumbing,73160
10219,152,https://www.yelp.com/biz/absolute-plumbing-and-mech-norman?osq=plumbing,73160
10222,155,https://www.yelp.com/biz/j-b-drip-plumbing-norman?osq=plumbing,73160
10223,156,https://www.yelp.com/biz/gregorys-plumbing-co-norman?osq=plumbing,73160
10224,157,https://www.yelp.com/biz/rst-plumbing-and-mechanical-norman?osq=plumbing,73160
10230,163,https://www.yelp.com/biz/hansmeyer-plumbing-and-heating-norman?osq=plumbing,73160
10232,165,https://www.yelp.com/biz/lacey-mechanical-newcastle?osq=plumbing,73160
10238,171,https://www.yelp.com/biz/innovative-plumbing-designs-norman?osq=plumbing,73160
10239,172,https://www.yelp.com/biz/faucet-parts-norman?osq=plumbing,73160
10260,193,https://www.yelp.com/biz/performance-plus-mechanical-norman?osq=plumbing,73160
10270,203,https://www.yelp.com/biz/jeffs-plumbing-blanchard?osq=plumbing,73160
10276,209,https://www.yelp.com/biz/gregorys-plumbing-co-norman-2?osq=plumbing,73160
10279,212,https://www.yelp.com/biz/american-leak-detection-of-central-oklahoma-norman?osq=plumbing,73160
10280,213,https://www.yelp.com/biz/j-and-b-kustom-norman?osq=plumbing,73160
11204,47,https://www.yelp.com/biz/walker-plumbing-and-heating-el-reno?osq=plumbing,73169
11455,26,https://www.yelp.com/biz/hubbard-plumbing-edmond-2?osq=plumbing,73172
11571,142,https://www.yelp.com/biz/plumber-piedmont-ok-plumbing-and-repair-contractor-piedmont-3?osq=plumbing,73172
11641,212,https://www.yelp.com/biz/bretts-backhoe-service-piedmont?osq=plumbing,73172
11706,57,https://www.yelp.com/biz/ballard-and-son-plumbing-tuttle?osq=plumbing,73173
