,Unnamed: 0,Business_links
0,0,https://www.yelp.com/biz/gongora-painting-seattle?osq=Painters
1,1,https://www.yelp.com/biz/facelift-painting-seattle?osq=Painters
2,2,https://www.yelp.com/biz/miguel-s-painting-solution-seattle-4?osq=Painters
3,3,https://www.yelp.com/biz/excel-home-painting-seattle-2?osq=Painters
4,4,https://www.yelp.com/biz/color-and-tone-painting-burien?osq=Painters
5,5,https://www.yelp.com/biz/couple-of-guys-painting-lynnwood-2?osq=Painters
6,6,https://www.yelp.com/biz/all-covered-painting-seattle?osq=Painters
7,7,https://www.yelp.com/biz/seattle-skyline-painting-services-maple-valley?osq=Painters
8,8,https://www.yelp.com/biz/cg-beautiful-painting-kent?osq=Painters
9,9,https://www.yelp.com/biz/indec-company-bellevue?osq=Painters
10,10,https://www.yelp.com/biz/alltech-painting-seattle-4?osq=Painters
11,11,https://www.yelp.com/biz/paintworx-redmond?osq=Painters
12,12,https://www.yelp.com/biz/nw-painting-solutions-seattle?osq=Painters
13,13,https://www.yelp.com/biz/bradley-paint-company-lynnwood?osq=Painters
14,14,https://www.yelp.com/biz/favorit-painters-issaquah?osq=Painters
16,16,https://www.yelp.com/biz/easy-painting-tacoma-2?osq=Painters
17,17,https://www.yelp.com/biz/bellevue-pro-painting-bellevue?osq=Painters
19,19,https://www.yelp.com/biz/exterior-crew-lynnwood?osq=Painters
20,20,https://www.yelp.com/biz/painter-bros-of-portland-seattle?osq=Painters
21,21,https://www.yelp.com/biz/ferdi-construction-kirkland-3?osq=Painters
23,23,https://www.yelp.com/biz/kp-painter-seattle?osq=Painters
24,24,https://www.yelp.com/biz/4-seasons-painting-and-pressure-washing-seattle-2?osq=Painters
26,26,https://www.yelp.com/biz/wallpapering-and-painting-pro-renton?osq=Painters
28,28,https://www.yelp.com/biz/paintzen-seattle-seattle-2?osq=Painters
29,29,https://www.yelp.com/biz/eugene-painting-seattle-3?osq=Painters
30,30,https://www.yelp.com/biz/pro-masters-painting-bellevue?osq=Painters
32,32,https://www.yelp.com/biz/pro-painters-service-kent-2?osq=Painters
33,33,https://www.yelp.com/biz/variform-painting-seattle?osq=Painters
34,34,https://www.yelp.com/biz/all-in-one-maintenance-seattle?osq=Painters
35,35,https://www.yelp.com/biz/a-and-i-s-painting-co-edmonds?osq=Painters
36,36,https://www.yelp.com/biz/high-quality-painting-everett?osq=Painters
37,37,https://www.yelp.com/biz/american-home-painting-bothell?osq=Painters
38,38,https://www.yelp.com/biz/paint-the-town-painting-contractor-seattle?osq=Painters
40,40,https://www.yelp.com/biz/custom-cabinet-painting-seattle-9?osq=Painters
42,42,https://www.yelp.com/biz/marv-s-painting-seattle?osq=Painters
43,43,https://www.yelp.com/biz/five-star-painting-of-federal-way-federal-way-3?osq=Painters
44,44,https://www.yelp.com/biz/borealis-painting-construction-seattle?osq=Painters
45,45,https://www.yelp.com/biz/excelente-seattle-painters-seattle?osq=Painters
46,46,https://www.yelp.com/biz/blue-sky-exteriors-seattle?osq=Painters
47,47,https://www.yelp.com/biz/a-stroke-of-excellence-port-orchard?osq=Painters
48,48,https://www.yelp.com/biz/hedlund-painting-lynnwood?osq=Painters
49,49,https://www.yelp.com/biz/malcolms-pro-services-seattle?osq=Painters
50,50,https://www.yelp.com/biz/strong-painting-seattle?osq=Painters
51,51,https://www.yelp.com/biz/hate-to-paint-seattle?osq=Painters
52,52,https://www.yelp.com/biz/amity-painting-seattle?osq=Painters
53,53,https://www.yelp.com/biz/magnolia-painting-seattle?osq=Painters
54,54,https://www.yelp.com/biz/riggins-construction-seattle-3?osq=Painters
55,55,https://www.yelp.com/biz/proquality-construction-lakewood?osq=Painters
56,56,https://www.yelp.com/biz/new-digs-interiors-seattle?osq=Painters
57,57,https://www.yelp.com/biz/rez-construction-kirkland?osq=Painters
58,58,https://www.yelp.com/biz/best-quality-painting-seattle-4?osq=Painters
59,59,https://www.yelp.com/biz/queen-anne-painting-seattle?osq=Painters
60,60,https://www.yelp.com/biz/artist-touch-painting-llc-seattle?osq=Painters
61,61,https://www.yelp.com/biz/avl-construction-lynnwood?osq=Painters
62,62,https://www.yelp.com/biz/jc-painting-pro-llc-greater-seattle-painting-contractor-sammamish?osq=Painters
63,63,https://www.yelp.com/biz/mm-home-services-llc-kirkland?osq=Painters
64,64,https://www.yelp.com/biz/central-sound-painting-renton?osq=Painters
65,65,https://www.yelp.com/biz/seattle-local-painters-kent-3?osq=Painters
66,66,https://www.yelp.com/biz/northwest-residential-and-commercial-painting-lynnwood?osq=Painters
67,67,https://www.yelp.com/biz/angels-painting-kirkland-2?osq=Painters
68,68,https://www.yelp.com/biz/corinthians-painting-burien-2?osq=Painters
69,69,https://www.yelp.com/biz/topnotch-painting-seattle?osq=Painters
71,71,https://www.yelp.com/biz/seatown-painting-solutions-renton-5?osq=Painters
72,72,https://www.yelp.com/biz/eurostyle-painting-marysville-2?osq=Painters
74,74,https://www.yelp.com/biz/potts-painting-kirkland?osq=Painters
75,75,https://www.yelp.com/biz/all-pro-painting-seattle?osq=Painters
76,76,https://www.yelp.com/biz/ren-o-paint-everett?osq=Painters
77,77,https://www.yelp.com/biz/imba-painting-lynnwood?osq=Painters
78,78,https://www.yelp.com/biz/northwest-cabinet-painting-mukilteo-4?osq=Painters
79,79,https://www.yelp.com/biz/color-match-painting-seattle?osq=Painters
81,81,https://www.yelp.com/biz/truelines-painting-bremerton?osq=Painters
83,83,https://www.yelp.com/biz/majesty-remodeling-renton-4?osq=Painters
84,84,https://www.yelp.com/biz/coast-to-coast-painting-edmonds?osq=Painters
85,85,https://www.yelp.com/biz/innovative-touch-everett?osq=Painters
86,86,https://www.yelp.com/biz/affordable-pro-services-seattle?osq=Painters
87,87,https://www.yelp.com/biz/paintings-usa-seattle?osq=Painters
88,88,https://www.yelp.com/biz/proresults-painting-spanaway-2?osq=Painters
89,89,https://www.yelp.com/biz/west-painting-enumclaw?osq=Painters
92,92,https://www.yelp.com/biz/jd-general-construction-auburn?osq=Painters
93,93,https://www.yelp.com/biz/brothers-and-jr-kent?osq=Painters
94,94,https://www.yelp.com/biz/aldrich-construction-services-seattle?osq=Painters
95,95,https://www.yelp.com/biz/t-and-t-interior-decor-federal-way-4?osq=Painters
99,99,https://www.yelp.com/biz/pyroshield-of-washington-puyallup?osq=Painters
101,101,https://www.yelp.com/biz/a-to-z-handyman-services-kent-5?osq=Painters
102,102,https://www.yelp.com/biz/valhalla-painting-seattle?osq=Painters
105,105,https://www.yelp.com/biz/ank-services-renton-2?osq=Painters
106,106,https://www.yelp.com/biz/luna-s-e-painting-seattle-3?osq=Painters
107,107,https://www.yelp.com/biz/knocking-wood-home-repair-auburn?osq=Painters
108,108,https://www.yelp.com/biz/paintsmith-seattle-2?osq=Painters
111,111,https://www.yelp.com/biz/bellevue-remodels-seattle?osq=Painters
112,112,https://www.yelp.com/biz/leonzos-painting-and-renovation-shoreline-2?osq=Painters
114,114,https://www.yelp.com/biz/jb-remodeling-seattle-2?osq=Painters
115,115,https://www.yelp.com/biz/reliable-painters-tacoma?osq=Painters
117,117,https://www.yelp.com/biz/divine-design-seattle-4?osq=Painters
118,118,https://www.yelp.com/biz/seattle-fresh-painting-seattle-2?osq=Painters
119,119,https://www.yelp.com/biz/ts-pro-painting-seattle?osq=Painters
123,123,https://www.yelp.com/biz/north-west-wallcover-and-custom-painting-seattle?osq=Painters
124,124,https://www.yelp.com/biz/expert-home-builders-seattle-seattle?osq=Painters
126,126,https://www.yelp.com/biz/d-and-r-painting-renton?osq=Painters
128,128,https://www.yelp.com/biz/american-home-painting-seattle?osq=Painters
129,129,https://www.yelp.com/biz/white-rhino-edmonds-2?osq=Painters
131,131,https://www.yelp.com/biz/lucios-general-contractor-seattle?osq=Painters
132,132,https://www.yelp.com/biz/marta-paint-works-seattle?osq=Painters
133,133,https://www.yelp.com/biz/fine-finishes-by-camilo-kirkland-3?osq=Painters
134,134,https://www.yelp.com/biz/amsberrys-painting-monroe-3?osq=Painters
135,135,https://www.yelp.com/biz/honest-1-construction-tacoma?osq=Painters
136,136,https://www.yelp.com/biz/seattle-painting-specialists-seattle-2?osq=Painters
138,138,https://www.yelp.com/biz/blue-pacific-painting-and-remodel-renton?osq=Painters
139,139,https://www.yelp.com/biz/sea-tac-painting-kent?osq=Painters
140,140,https://www.yelp.com/biz/urban-heron-painting-seattle?osq=Painters
142,142,https://www.yelp.com/biz/urban-painting-northwest-seattle-2?osq=Painters
143,143,https://www.yelp.com/biz/tennyson-paint-kirkland?osq=Painters
144,144,https://www.yelp.com/biz/ikes-repairs-seattle-2?osq=Painters
145,145,https://www.yelp.com/biz/handy-solutions-renton?osq=Painters
146,146,https://www.yelp.com/biz/parkview-property-services-shoreline?osq=Painters
148,148,https://www.yelp.com/biz/smarter-construction-and-remodeling-puyallup-2?osq=Painters
149,149,https://www.yelp.com/biz/base-painting-renton?osq=Painters
151,151,https://www.yelp.com/biz/hansens-quality-painting-redmond?osq=Painters
152,152,https://www.yelp.com/biz/paint-by-number-seattle?osq=Painters
153,153,https://www.yelp.com/biz/south-to-northwest-painting-seattle-2?osq=Painters
154,154,https://www.yelp.com/biz/av-painting-seattle?osq=Painters
155,155,https://www.yelp.com/biz/my-seattle-painter-seattle?osq=Painters
156,156,https://www.yelp.com/biz/total-construction-seattle-6?osq=Painters
158,158,https://www.yelp.com/biz/seattle-colors-painting-kent?osq=Painters
159,159,https://www.yelp.com/biz/e-and-g-painting-federal-way-3?osq=Painters
160,160,https://www.yelp.com/biz/nowakoski-painting-and-color-design-seattle-3?osq=Painters
161,161,https://www.yelp.com/biz/northstar-painting-lynnwood-4?osq=Painters
162,162,https://www.yelp.com/biz/painters-in-white-seattle?osq=Painters
163,163,https://www.yelp.com/biz/seattle-painting-services-seattle-2?osq=Painters
164,164,https://www.yelp.com/biz/malver-construction-and-remodeling-mountlake-terrace?osq=Painters
165,165,https://www.yelp.com/biz/orange-painting-and-remodeling-seattle-2?osq=Painters
167,167,https://www.yelp.com/biz/watchpoint-home-services-seattle?osq=Painters
169,169,https://www.yelp.com/biz/davis-quality-painting-mount-vernon?osq=Painters
170,170,https://www.yelp.com/biz/the-home-team-maple-valley?osq=Painters
171,171,https://www.yelp.com/biz/innova-painters-auburn-3?osq=Painters
172,172,https://www.yelp.com/biz/austin-painting-marysville?osq=Painters
173,173,https://www.yelp.com/biz/devco-painting-bellevue?osq=Painters
174,174,https://www.yelp.com/biz/enun-painting-seattle?osq=Painters
175,175,https://www.yelp.com/biz/mh-deck-refinishing-kirkland?osq=Painters
177,177,https://www.yelp.com/biz/jcs-fineline-painting-seattle?osq=Painters
179,179,https://www.yelp.com/biz/ml-anderson-quality-painting-bellevue?osq=Painters
181,181,https://www.yelp.com/biz/hirollerz-burien-2?osq=Painters
182,182,https://www.yelp.com/biz/precision-painting-seattle-2?osq=Painters
183,183,https://www.yelp.com/biz/angels-nw-painting-and-handyman-bellevue?osq=Painters
184,184,https://www.yelp.com/biz/parlor-f-tattoo-seattle?osq=Painters
186,186,https://www.yelp.com/biz/cascadia-brushworks-shoreline-3?osq=Painters
189,189,https://www.yelp.com/biz/lopez-painting-marysville-4?osq=Painters
190,190,https://www.yelp.com/biz/vivache-designs-seattle?osq=Painters
191,191,https://www.yelp.com/biz/cypress-painting-seattle?osq=Painters
192,192,https://www.yelp.com/biz/toledo-painting-general-contractor-seatac?osq=Painters
195,195,https://www.yelp.com/biz/mgl-homes-seattle?osq=Painters
196,196,https://www.yelp.com/biz/seley-painting-services-bellevue?osq=Painters
198,198,https://www.yelp.com/biz/red-line-paint-co-seattle-5?osq=Painters
199,199,https://www.yelp.com/biz/supreme-painting-seattle?osq=Painters
200,200,https://www.yelp.com/biz/fresh-coat-painting-seattle?osq=Painters
201,201,https://www.yelp.com/biz/ready-refinishing-and-repair-tacoma?osq=Painters
205,205,https://www.yelp.com/biz/gr-painting-lynnwood?osq=Painters
206,206,https://www.yelp.com/biz/rinmar-painting-seattle-2?osq=Painters
207,207,https://www.yelp.com/biz/hip-group-co-redmond-5?osq=Painters
209,209,https://www.yelp.com/biz/carbon-patching-company-seattle?osq=Painters
210,210,https://www.yelp.com/biz/local-pros-painting-maple-valley?osq=Painters
211,211,https://www.yelp.com/biz/christopherson-group-seattle?osq=Painters
213,213,https://www.yelp.com/biz/hisbiz-painting-camano-island?osq=Painters
215,215,https://www.yelp.com/biz/cherry-design-build-seattle?osq=Painters
216,216,https://www.yelp.com/biz/lc-drywall-and-painting-seattle?osq=Painters
217,217,https://www.yelp.com/biz/wombles-home-improvement-issaquah-2?osq=Painters
219,219,https://www.yelp.com/biz/amazing-grace-painters-bainbridge-island?osq=Painters
220,220,https://www.yelp.com/biz/fine-lines-northwest-federal-way?osq=Painters
222,222,https://www.yelp.com/biz/orca-painting-and-construction-services-kirkland?osq=Painters
225,225,https://www.yelp.com/biz/spot-on-cleaning-services-mill-creek?osq=Painters
226,226,https://www.yelp.com/biz/g-and-b-painting-and-cleaning-everett?osq=Painters
227,227,https://www.yelp.com/biz/washington-fine-painting-seattle?osq=Painters
228,228,https://www.yelp.com/biz/hood-construction-seattle?osq=Painters
