,Business_links
0,https://www.yelp.com/biz/a-r-williams-air-conditioning-west-palm-beach-2?osq=HVAC
1,https://www.yelp.com/biz/prestige-air-conditioning-systems-west-palm-beach-2?osq=HVAC
2,https://www.yelp.com/biz/er-air-conditioning-palm-beach-gardens?osq=HVAC
3,https://www.yelp.com/biz/cleary-plumbing-and-air-lake-worth-2?osq=HVAC
4,https://www.yelp.com/biz/a-air-conditioning-and-duct-cleaning-fort-lauderdale-3?osq=HVAC
5,https://www.yelp.com/biz/ewing-and-ewing-air-conditioning-west-palm-beach-4?osq=HVAC
6,https://www.yelp.com/biz/gregs-air-solutions-boca-raton?osq=HVAC
7,https://www.yelp.com/biz/green-home-dryer-vent-cleaning-palm-beach-gardens-2?osq=HVAC
8,https://www.yelp.com/biz/thresher-cooling-west-palm-beach-2?osq=HVAC
9,https://www.yelp.com/biz/handyman-greene-west-palm-beach?osq=HVAC
10,https://www.yelp.com/biz/prime-time-cooling-pompano-beach?osq=HVAC
11,https://www.yelp.com/biz/nature-air-corp-west-palm-beach-3?osq=HVAC
12,https://www.yelp.com/biz/pro-star-air-conditioning-west-palm-beach-3?osq=HVAC
13,https://www.yelp.com/biz/berkun-air-west-palm-beach?osq=HVAC
14,https://www.yelp.com/biz/john-c-cassidy-air-conditioning-west-palm-beach?osq=HVAC
15,https://www.yelp.com/biz/holmes-cooling-and-heating-royal-palm-beach-3?osq=HVAC
16,https://www.yelp.com/biz/envirotech-air-quality-services-west-palm-beach?osq=HVAC
17,https://www.yelp.com/biz/shoreline-air-conditioning-west-palm-beach?osq=HVAC
18,https://www.yelp.com/biz/impressive-air-north-lauderdale?osq=HVAC
19,https://www.yelp.com/biz/coles-cooling-and-heating-loxahatchee?osq=HVAC
20,https://www.yelp.com/biz/hopkins-air-conditioning-west-palm-beach-2?osq=HVAC
21,https://www.yelp.com/biz/southern-mechanical-services-west-palm-beach-3?osq=HVAC
22,https://www.yelp.com/biz/arnolds-air-conditioning-west-palm-beach-2?osq=HVAC
23,https://www.yelp.com/biz/smithco-services-west-palm-beach?osq=HVAC
24,https://www.yelp.com/biz/blast-air-conditioning-and-refrigeration-west-palm-beach?osq=HVAC
25,https://www.yelp.com/biz/atomize-air-solutions-riviera-beach?osq=HVAC
26,https://www.yelp.com/biz/325-transmission-auto-repair-west-palm-beach-3?osq=HVAC
27,https://www.yelp.com/biz/alexander-air-conditioning-west-palm-beach-5?osq=HVAC
28,https://www.yelp.com/biz/florida-air-and-heat-mechanical-corporation-parkland?osq=HVAC
29,https://www.yelp.com/biz/aurora-air-boca-raton-2?osq=HVAC
30,https://www.yelp.com/biz/am-pm-air-conditioning-lake-worth-2?osq=HVAC
31,https://www.yelp.com/biz/nova-air-conditioning-riviera-beach?osq=HVAC
32,https://www.yelp.com/biz/appliance-dr-west-palm-beach-west-palm-beach?osq=HVAC
33,https://www.yelp.com/biz/north-county-cooling-west-palm-beach?osq=HVAC
34,https://www.yelp.com/biz/er-air-conditioning-and-heating-riviera-beach-2?osq=HVAC
35,https://www.yelp.com/biz/vent-care-west-palm-beach-2?osq=HVAC
36,https://www.yelp.com/biz/cooling-advisors-west-palm-beach?osq=HVAC
37,https://www.yelp.com/biz/davis-air-conditioning-service-west-palm-beach-3?osq=HVAC
38,https://www.yelp.com/biz/admiral-plumbing-services-jupiter?osq=HVAC
39,https://www.yelp.com/biz/singer-island-hvac-pro-west-palm-beach?osq=HVAC
40,https://www.yelp.com/biz/general-plumbing-and-air-conditioning-lake-worth-2?osq=HVAC
41,https://www.yelp.com/biz/preferred-air-conditioning-and-mechanical-west-palm-beach?osq=HVAC
42,https://www.yelp.com/biz/absolutely-cool-services-loxahatchee?osq=HVAC
43,https://www.yelp.com/biz/american-insulation-davie?osq=HVAC
44,https://www.yelp.com/biz/rome-aire-services-boca-raton-2?osq=HVAC
45,https://www.yelp.com/biz/joe-hillman-cooling-and-heating-davie?osq=HVAC
46,https://www.yelp.com/biz/ed-hainline-inc-refrigeration-and-air-conditioning-west-palm-beach-2?osq=HVAC
47,https://www.yelp.com/biz/west-palm-beach-cooling-west-palm-beach?osq=HVAC
48,https://www.yelp.com/biz/seaside-air-services-delray-beach-2?osq=HVAC
49,https://www.yelp.com/biz/air-conditioning-repair-and-service-lake-worth?osq=HVAC
50,https://www.yelp.com/biz/hvac-repair-planet-miami-west-palm-beach?osq=HVAC
51,https://www.yelp.com/biz/endurance-heating-and-air-conditioning-west-palm-beach?osq=HVAC
52,https://www.yelp.com/biz/hdj-mechanical-ac-services-palm-beach-shores?osq=HVAC
53,https://www.yelp.com/biz/ac-repair-palm-beach-west-palm-beach?osq=HVAC
54,https://www.yelp.com/biz/d-and-m-mechanical-services-boca-raton?osq=HVAC
55,https://www.yelp.com/biz/premier-comfort-services-west-palm-beach?osq=HVAC
56,https://www.yelp.com/biz/all-year-cooling-fort-lauderdale?osq=HVAC
57,https://www.yelp.com/biz/kool-ray-heating-and-air-conditioning-royal-palm-beach-2?osq=HVAC
58,https://www.yelp.com/biz/boynton-air-conditioning-boynton-beach-2?osq=HVAC
59,https://www.yelp.com/biz/pilotos-services-west-palm-beach?osq=HVAC
60,https://www.yelp.com/biz/max-air-cooling-west-palm-beach?osq=HVAC
61,https://www.yelp.com/biz/dick-smith-air-conditioning-and-refrigeration-lake-worth?osq=HVAC
62,https://www.yelp.com/biz/all-time-air-conditioning-boynton-beach?osq=HVAC
63,https://www.yelp.com/biz/alliance-air-conditioning-and-electrical-west-palm-beach-2?osq=HVAC
64,https://www.yelp.com/biz/gomez-heating-and-air-west-palm-beach?osq=HVAC
65,https://www.yelp.com/biz/wise-air-conditioning-west-palm-beach?osq=HVAC
66,https://www.yelp.com/biz/ae-sosa-air-conditioning-west-palm-beach?osq=HVAC
67,https://www.yelp.com/biz/den-air-air-conditioning-west-palm-beach-3?osq=HVAC
68,https://www.yelp.com/biz/a-s-a-c-mechanical-west-palm-beach?osq=HVAC
69,https://www.yelp.com/biz/a-c-doctors-of-south-florida-wellington?osq=HVAC
70,https://www.yelp.com/biz/florida-air-conditioning-distributors-west-palm-beach?osq=HVAC
71,https://www.yelp.com/biz/air-mechanix-west-palm-beach?osq=HVAC
72,https://www.yelp.com/biz/cool-world-lake-worth-3?osq=HVAC
73,https://www.yelp.com/biz/florida-appliance-services-west-palm-beach?osq=HVAC
74,https://www.yelp.com/biz/a-r-s-air-conditioning-boynton-beach-6?osq=HVAC
75,https://www.yelp.com/biz/advanced-cooling-and-heating-inc-west-palm-beach?osq=HVAC
76,https://www.yelp.com/biz/friendly-a-c-boca-raton-2?osq=HVAC
77,https://www.yelp.com/biz/phoenix-air-conditioning-llc-lake-worth-8?osq=HVAC
78,https://www.yelp.com/biz/air-handlers-clean-air-concepts-west-palm-beach?osq=HVAC
79,https://www.yelp.com/biz/csi-cooling-specialists-lake-worth-2?osq=HVAC
80,https://www.yelp.com/biz/monar-air-conditioning-coral-springs-2?osq=HVAC
81,https://www.yelp.com/biz/fpl-home-services-riviera-beach?osq=HVAC
82,https://www.yelp.com/biz/apollo-air-conditioning-west-palm-beach-2?osq=HVAC
83,https://www.yelp.com/biz/affordable-ac-repair-wellington-wellington?osq=HVAC
84,https://www.yelp.com/biz/halpert-air-inc-loxahatchee?osq=HVAC
85,https://www.yelp.com/biz/reyes-cooling-and-heating-west-palm-beach?osq=HVAC
86,https://www.yelp.com/biz/first-response-air-conditioning-and-refrigeration-west-palm-beach?osq=HVAC
87,https://www.yelp.com/biz/airworx-refrigeration-and-air-conditioning-wellington-2?osq=HVAC
88,https://www.yelp.com/biz/all-pro-air-conditioning-inc-lantana-2?osq=HVAC
89,https://www.yelp.com/biz/ed-hainline-corp-west-palm-beach?osq=HVAC
90,https://www.yelp.com/biz/ac-electric-boca-raton-14?osq=HVAC
91,https://www.yelp.com/biz/carl-s-air-conditioning-and-appliance-service-jupiter?osq=HVAC
92,https://www.yelp.com/biz/flamingo-air-and-heat-west-palm-beach?osq=HVAC
93,https://www.yelp.com/biz/edward-a-c-services-west-palm-beach-3?osq=HVAC
94,https://www.yelp.com/biz/alexander-air-conditioning-west-palm-beach-3?osq=HVAC
95,https://www.yelp.com/biz/eaton-services-unlimited-west-palm-beach?osq=HVAC
96,https://www.yelp.com/biz/innovative-air-conditioning-west-palm-beach-6?osq=HVAC
97,https://www.yelp.com/biz/jjs-ducts-cleaning-palm-springs?osq=HVAC
98,https://www.yelp.com/biz/mcgill-robert-r-air-conditioning-lantana?osq=HVAC
99,https://www.yelp.com/biz/rca-air-services-lake-worth?osq=HVAC
100,https://www.yelp.com/biz/lnt-services-lake-park?osq=HVAC
101,https://www.yelp.com/biz/atlantic-air-lake-worth?osq=HVAC
102,https://www.yelp.com/biz/wallen-service-west-palm-beach?osq=HVAC
103,https://www.yelp.com/biz/south-florida-air-solutions-jupiter?osq=HVAC
104,https://www.yelp.com/biz/father-and-son-mobile-rv-service-stuart?osq=HVAC
105,https://www.yelp.com/biz/big-air-mechanical-wellington-2?osq=HVAC
106,https://www.yelp.com/biz/atlantis-air-conditioning-lake-worth-2?osq=HVAC
107,https://www.yelp.com/biz/stokes-e-c-mechanical-contractor-lake-worth-2?osq=HVAC
108,https://www.yelp.com/biz/a-c-technologies-coral-springs-6?osq=HVAC
109,https://www.yelp.com/biz/florida-air-temp-wellington-5?osq=HVAC
110,https://www.yelp.com/biz/evening-air-jupiter?osq=HVAC
111,https://www.yelp.com/biz/a-c-care-heat-and-air-stuart?osq=HVAC
112,https://www.yelp.com/biz/ac-supreme-fort-lauderdale?osq=HVAC
113,https://www.yelp.com/biz/amc-air-florida-west-palm-beach?osq=HVAC
114,https://www.yelp.com/biz/maximum-cool-of-florida-pompano-beach-3?osq=HVAC
115,https://www.yelp.com/biz/cousins-air-deerfield-beach-6?osq=HVAC
116,https://www.yelp.com/biz/ferraras-air-pompano-beach?osq=HVAC
117,https://www.yelp.com/biz/south-florida-crane-and-cooling-palm-city?osq=HVAC
118,https://www.yelp.com/biz/airsuperhero-west-palm-beach?osq=HVAC
119,https://www.yelp.com/biz/air-america-ac-coral-springs?osq=HVAC
120,https://www.yelp.com/biz/south-atlantic-air-conditioning-greenacres?osq=HVAC
121,https://www.yelp.com/biz/advanced-green-refrigeration-riviera-beach?osq=HVAC
122,https://www.yelp.com/biz/haven-cool-air-conditioning-west-palm-beach?osq=HVAC
123,https://www.yelp.com/biz/eldred-air-conditioning-west-palm-beach?osq=HVAC
124,https://www.yelp.com/biz/quality-performance-services-lake-worth?osq=HVAC
125,https://www.yelp.com/biz/maloys-air-conditioning-west-palm-beach?osq=HVAC
126,https://www.yelp.com/biz/blank-and-broz-air-service-lake-worth?osq=HVAC
127,https://www.yelp.com/biz/summit-air-conditioning-west-palm-beach-2?osq=HVAC
128,https://www.yelp.com/biz/tamarac-air-and-appliance-tamarac?osq=HVAC
129,https://www.yelp.com/biz/one-hour-air-conditioning-and-heating-west-palm-beach?osq=HVAC
130,https://www.yelp.com/biz/complete-environmental-solutions-jupiter?osq=HVAC
131,https://www.yelp.com/biz/rocket-heating-ac-repair-west-palm-beach-west-palm-beach?osq=HVAC
132,https://www.yelp.com/biz/ketola-air-west-palm-beach?osq=HVAC
133,https://www.yelp.com/biz/builders-air-conditioning-iii-west-palm-beach?osq=HVAC
134,https://www.yelp.com/biz/perfect-cooling-inc-delray-beach?osq=HVAC
135,https://www.yelp.com/biz/elite-eagle-services-boynton-beach-4?osq=HVAC
136,https://www.yelp.com/biz/russ-s-air-conditioning-services-west-palm-beach?osq=HVAC
137,https://www.yelp.com/biz/love-air-coral-springs?osq=HVAC
138,https://www.yelp.com/biz/just-in-time-ac-and-appliance-sunrise?osq=HVAC
139,https://www.yelp.com/biz/premier-service-and-repair-plantation?osq=HVAC
140,https://www.yelp.com/biz/arnolds-air-conditioning-stuart?osq=HVAC
141,https://www.yelp.com/biz/calimair-west-palm-beach?osq=HVAC
142,https://www.yelp.com/biz/island-air-conditioning-delray-beach?osq=HVAC
143,https://www.yelp.com/biz/advance-cooling-and-heating-systems-greenacres-2?osq=HVAC
144,https://www.yelp.com/biz/r-l-kaylor-air-conditioning-west-palm-beach-2?osq=HVAC
145,https://www.yelp.com/biz/ac-temp-control-pompano-beach?osq=HVAC
146,https://www.yelp.com/biz/tri-county-hvac-loxahatchee?osq=HVAC
147,https://www.yelp.com/biz/all-air-conditioned-self-storage-west-palm-beach-2?osq=HVAC
148,https://www.yelp.com/biz/all-florida-heating-and-air-conditioning-west-palm-beach?osq=HVAC
149,https://www.yelp.com/biz/luma-air-conditioning-and-heating-margate?osq=HVAC
150,https://www.yelp.com/biz/cooler-than-you-lake-worth?osq=HVAC
151,https://www.yelp.com/biz/alford-air-conditioning-tequesta?osq=HVAC
152,https://www.yelp.com/biz/southeast-cooling-and-heating-sunrise?osq=HVAC
153,https://www.yelp.com/biz/hyatt-air-conditioning-and-refrigeration-west-palm-beach?osq=HVAC
154,https://www.yelp.com/biz/our-service-company-lake-worth?osq=HVAC
155,https://www.yelp.com/biz/hometown-heating-and-air-west-palm-beach?osq=HVAC
156,https://www.yelp.com/biz/west-palm-beach-air-conditioning-west-palm-beach-2?osq=HVAC
157,https://www.yelp.com/biz/breezy-west-palm-beach-2?osq=HVAC
158,https://www.yelp.com/biz/cool-florida-west-palm-beach?osq=HVAC
159,https://www.yelp.com/biz/condensation-solutions-delray-beach?osq=HVAC
160,https://www.yelp.com/biz/hvac-prime-west-palm-beach?osq=HVAC
161,https://www.yelp.com/biz/air-ref-co-delray-beach-2?osq=HVAC
162,https://www.yelp.com/biz/aztil-air-conditioning-west-palm-beach?osq=HVAC
163,https://www.yelp.com/biz/the-air-squad-lake-worth-2?osq=HVAC
164,https://www.yelp.com/biz/polair-boca-raton?osq=HVAC
165,https://www.yelp.com/biz/billfish-air-conditioning-stuart?osq=HVAC
166,https://www.yelp.com/biz/suntech-air-conditioning-fort-lauderdale?osq=HVAC
167,https://www.yelp.com/biz/ace-air-conditioning-lantana?osq=HVAC
168,https://www.yelp.com/biz/palm-beach-gardens-heating-and-air-conditioning-palm-beach-gardens?osq=HVAC
169,https://www.yelp.com/biz/dove-air-conditioning-and-refrigeration-jupiter?osq=HVAC
170,https://www.yelp.com/biz/mikes-plumbing-and-ac-service-loxahatchee?osq=HVAC
171,https://www.yelp.com/biz/palms-county-air-conditioning-lake-worth-2?osq=HVAC
172,https://www.yelp.com/biz/o-donnell-air-conditioning-riviera-beach-3?osq=HVAC
173,https://www.yelp.com/biz/palm-beach-air-conditioning-boca-raton-6?osq=HVAC
174,https://www.yelp.com/biz/easy-breeze-home-solutions-fort-lauderdale?osq=HVAC
175,https://www.yelp.com/biz/caner-air-conditioning-boca-raton-2?osq=HVAC
176,https://www.yelp.com/biz/cares-air-conditioning-repairs-west-palm-beach?osq=HVAC
177,https://www.yelp.com/biz/home-services-at-the-home-depot-west-palm-beach-4?osq=HVAC
178,https://www.yelp.com/biz/heaven-aire-air-conditioning-co-west-palm-beach?osq=HVAC
179,https://www.yelp.com/biz/sbs-west-palm-beach?osq=HVAC
180,https://www.yelp.com/biz/astro-air-boynton-beach?osq=HVAC
181,https://www.yelp.com/biz/randy-poulette-air-conditioning-loxahatchee?osq=HVAC
182,https://www.yelp.com/biz/every-thing-air-sunrise?osq=HVAC
183,https://www.yelp.com/biz/titan-air-west-palm-beach?osq=HVAC
184,https://www.yelp.com/biz/jp-ac-master-solutions-boca-raton?osq=HVAC
185,https://www.yelp.com/biz/perfectemp-boynton-beach-4?osq=HVAC
186,https://www.yelp.com/biz/stephen-k-denny-jupiter?osq=HVAC
187,https://www.yelp.com/biz/avalanche-air-corp-boca-raton-3?osq=HVAC
188,https://www.yelp.com/biz/edwards-air-ent-jupiter?osq=HVAC
189,https://www.yelp.com/biz/fuse-hvac-and-appliance-repair-oakland-park?osq=HVAC
190,https://www.yelp.com/biz/snell-precision-cooling-margate?osq=HVAC
191,https://www.yelp.com/biz/alex-lake-clarke-2?osq=HVAC
192,https://www.yelp.com/biz/air-duct-aseptics-pompano-beach-3?osq=HVAC
193,https://www.yelp.com/biz/altman-air-conditioning-lake-park?osq=HVAC
194,https://www.yelp.com/biz/cool-air-usa-lauderhill-5?osq=HVAC
195,https://www.yelp.com/biz/tech-air-oakland-park-4?osq=HVAC
196,https://www.yelp.com/biz/walcott-enterprises-west-palm-beach?osq=HVAC
197,https://www.yelp.com/biz/breathe-healthier-air-stuart?osq=HVAC
198,https://www.yelp.com/biz/north-county-cooling-palm-beach-gardens?osq=HVAC
199,https://www.yelp.com/biz/lampi-air-conditioning-west-palm-beach?osq=HVAC
200,https://www.yelp.com/biz/suncoast-electric-and-air-delray-beach-2?osq=HVAC
201,https://www.yelp.com/biz/airtroniks-lake-worth?osq=HVAC
202,https://www.yelp.com/biz/priority-one-air-solutions-oakland-park-3?osq=HVAC
203,https://www.yelp.com/biz/perfect-degrees-air-conditioning-coral-springs?osq=HVAC
204,https://www.yelp.com/biz/rapid-rooter-plumbing-and-drain-service-boca-raton?osq=HVAC
205,https://www.yelp.com/biz/eskimo-24-hour-air-conditioning-and-refrigeration-loxahatchee?osq=HVAC
206,https://www.yelp.com/biz/air-conditioning-west-palm-palm-beach-gardens?osq=HVAC
207,https://www.yelp.com/biz/air-and-fix-it-riviera-beach?osq=HVAC
208,https://www.yelp.com/biz/keep-it-cool-lake-park?osq=HVAC
209,https://www.yelp.com/biz/florida-smart-energy-boca-raton?osq=HVAC
210,https://www.yelp.com/biz/elite-electric-air-jupiter?osq=HVAC
211,https://www.yelp.com/biz/air-conditioning-by-richard-bowers-riviera-beach?osq=HVAC
212,https://www.yelp.com/biz/lowes-cleaning-west-palm-beach?osq=HVAC
213,https://www.yelp.com/biz/ice-air-conditioning-west-palm-beach-2?osq=HVAC
