,Business_links
0,https://www.yelp.com/biz/gordons-service-experts-moore?osq=plumbing
1,https://www.yelp.com/biz/bobs-plumbing-norman?osq=plumbing
2,https://www.yelp.com/biz/macs-plumbing-moore?osq=plumbing
3,https://www.yelp.com/biz/water-boys-plumbing-moore?osq=plumbing
4,https://www.yelp.com/biz/hollowell-plumbing-oklahoma-city-2?osq=plumbing
5,https://www.yelp.com/biz/asgard-maintenance-services-oklahoma-city?osq=plumbing
6,https://www.yelp.com/biz/route-66-plumbing-oklahoma-city?osq=plumbing
7,https://www.yelp.com/biz/alliance-fire-protection-oklahoma-city?osq=plumbing
8,https://www.yelp.com/biz/als-cooling-heating-plum-norman?osq=plumbing
9,https://www.yelp.com/biz/legacy-4-plumbing-norman-7?osq=plumbing
10,https://www.yelp.com/biz/air-comfort-solutions-moore-2?osq=plumbing
11,https://www.yelp.com/biz/plumb-crazy-plumbing-oklahoma-city?osq=plumbing
12,https://www.yelp.com/biz/minards-plumbing-moore?osq=plumbing
13,https://www.yelp.com/biz/1st-choice-plumbing-oklahoma-city?osq=plumbing
14,https://www.yelp.com/biz/shaver-plumbing-heating-and-air-norman?osq=plumbing
15,https://www.yelp.com/biz/rons-plumbing-oklahoma-city?osq=plumbing
16,https://www.yelp.com/biz/brians-plumbing-and-showroom-oklahoma-city?osq=plumbing
17,https://www.yelp.com/biz/butler-plumbing-oklahoma-city-2?osq=plumbing
18,https://www.yelp.com/biz/wynn-plumbing-oklahoma-city?osq=plumbing
19,https://www.yelp.com/biz/jeans-plumbing-oklahoma-city?osq=plumbing
20,https://www.yelp.com/biz/butler-plumbing-oklahoma-city-2?osq=plumbing
21,https://www.yelp.com/biz/jeans-plumbing-oklahoma-city?osq=plumbing
22,https://www.yelp.com/biz/bob-usry-and-sons-plumbing-norman-2?osq=plumbing
23,https://www.yelp.com/biz/wiggys-plumbing-midwest-city?osq=plumbing
24,https://www.yelp.com/biz/leons-plumbing-heating-and-air-conditioning-norman-4?osq=plumbing
25,https://www.yelp.com/biz/quality-home-services-oklahoma-city?osq=plumbing
26,https://www.yelp.com/biz/custom-plumbing-by-chris-norman?osq=plumbing
27,https://www.yelp.com/biz/direct-air-norman-2?osq=plumbing
28,https://www.yelp.com/biz/joe-the-plumber-midwest-city?osq=plumbing
29,https://www.yelp.com/biz/academy-disc-plumbing-and-repair-oklahoma-city?osq=plumbing
30,https://www.yelp.com/biz/schuler-plumbing-and-gas-fitting-company-oklahoma-city?osq=plumbing
31,https://www.yelp.com/biz/stevens-plumbing-oklahoma?osq=plumbing
32,https://www.yelp.com/biz/price-rite-plumbing-services-oklahoma-city-3?osq=plumbing
33,https://www.yelp.com/biz/red-plains-plumbing-oklahoma-city-2?osq=plumbing
34,https://www.yelp.com/biz/goure-tom-plumbing-heating-and-air-conditioning-moore?osq=plumbing
35,https://www.yelp.com/biz/gravitt-jerry-htg-and-air-oklahoma-city?osq=plumbing
36,https://www.yelp.com/biz/edco-plumbing-oklahoma-city-17?osq=plumbing
37,https://www.yelp.com/biz/lifetime-plumbing-heat-and-air-oklahoma-city?osq=plumbing
38,https://www.yelp.com/biz/drain-right-plumbing-oklahoma-city?osq=plumbing
39,https://www.yelp.com/biz/punctual-plumbing-oklahoma-city?osq=plumbing
40,https://www.yelp.com/biz/iplumb-oklahoma-city?osq=plumbing
41,https://www.yelp.com/biz/pro-skills-plumbing-choctaw?osq=plumbing
42,https://www.yelp.com/biz/cs-plumbing-dale-3?osq=plumbing
43,https://www.yelp.com/biz/redman-drilling-oklahoma-city-2?osq=plumbing
44,https://www.yelp.com/biz/9-drains-plumbing-oklahoma-city?osq=plumbing
45,https://www.yelp.com/biz/rapid-water-heaters-oklahoma-city-2?osq=plumbing
46,https://www.yelp.com/biz/advanced-plumbing-specialist-s-oklahoma-city?osq=plumbing
47,https://www.yelp.com/biz/vip-plumbingok-harrah-2?osq=plumbing
48,https://www.yelp.com/biz/ferguson-plumbing-supply-oklahoma-city?osq=plumbing
49,https://www.yelp.com/biz/oklahoma-city-plumbing-company-oklahoma-city?osq=plumbing
50,https://www.yelp.com/biz/buddys-plumbing-oklahoma-city-7?osq=plumbing
51,https://www.yelp.com/biz/bl3-plumbing-and-drain-cleaning-moore?osq=plumbing
52,https://www.yelp.com/biz/dons-plumbing-midwest-city?osq=plumbing
53,https://www.yelp.com/biz/daltons-plumbing-moore-2?osq=plumbing
54,https://www.yelp.com/biz/b-and-d-mechanical-oklahoma-city?osq=plumbing
55,https://www.yelp.com/biz/dwight-patricks-plumbing-oklahoma-city?osq=plumbing
56,https://www.yelp.com/biz/norman-heating-and-air-conditioning-norman-3?osq=plumbing
57,https://www.yelp.com/biz/rpb-construction-oklahoma-city?osq=plumbing
58,https://www.yelp.com/biz/spor-plumbing-norman?osq=plumbing
59,https://www.yelp.com/biz/liszeski-plumbing-yukon-3?osq=plumbing
60,https://www.yelp.com/biz/brinkleys-plumbing-oklahoma-city-2?osq=plumbing
61,https://www.yelp.com/biz/five-star-plumbing-oklahoma-city-4?osq=plumbing
62,https://www.yelp.com/biz/bullseye-plumbing-oklahoma-city?osq=plumbing
63,https://www.yelp.com/biz/b-and-r-plumbing-heat-and-air-oklahoma-city?osq=plumbing
64,https://www.yelp.com/biz/chet-walcott-plumbing-oklahoma-city?osq=plumbing
65,https://www.yelp.com/biz/certified-plumbing-norman?osq=plumbing
66,https://www.yelp.com/biz/next-level-plumbing-oklahoma-city?osq=plumbing
67,https://www.yelp.com/biz/arnolds-plumbing-oklahoma-city?osq=plumbing
68,https://www.yelp.com/biz/stone-creek-plumbing-oklahoma-city?osq=plumbing
69,https://www.yelp.com/biz/plumbing-plus-handyman-servuces-oklahoma-city?osq=plumbing
70,https://www.yelp.com/biz/rapid-plumbers-okc-oklahoma-city?osq=plumbing
71,https://www.yelp.com/biz/don-co-plumbing-oklahoma-city?osq=plumbing
72,https://www.yelp.com/biz/bst-plumbing-del-city?osq=plumbing
73,https://www.yelp.com/biz/martell-mechanical-oklahoma-city?osq=plumbing
74,https://www.yelp.com/biz/handleys-plumbing-oklahoma-city?osq=plumbing
75,https://www.yelp.com/biz/homeland-plumbing-heating-and-air-oklahoma-city?osq=plumbing
76,https://www.yelp.com/biz/james-plumbing-repair-service-oklahoma-city?osq=plumbing
77,https://www.yelp.com/biz/pressley-plumbing-moore?osq=plumbing
78,https://www.yelp.com/biz/busch-henry-oklahoma-city?osq=plumbing
79,https://www.yelp.com/biz/norman-plumbing-contractors-washington-2?osq=plumbing
80,https://www.yelp.com/biz/chasetheplumber-oklahoma-city-3?osq=plumbing
81,https://www.yelp.com/biz/price-rite-plumbing-oklahoma-city-2?osq=plumbing
82,https://www.yelp.com/biz/right-price-plumbing-oklahoma-city?osq=plumbing
83,https://www.yelp.com/biz/huse-plumbing-norman?osq=plumbing
84,https://www.yelp.com/biz/mr-rooter-plumbing-of-oklahoma-city-oklahoma-city-5?osq=plumbing
85,https://www.yelp.com/biz/johnnys-plumbing-heating-and-air-conditioning-oklahoma-city?osq=plumbing
86,https://www.yelp.com/biz/barnums-plumbing-service-oklahoma-city-2?osq=plumbing
87,https://www.yelp.com/biz/leons-plumbing-heating-and-air-norman?osq=plumbing
88,https://www.yelp.com/biz/roby-johnny-g-oklahoma-city?osq=plumbing
89,https://www.yelp.com/biz/green-lion-plumbing-edmond?osq=plumbing
90,https://www.yelp.com/biz/southern-oaks-plumbing-oklahoma-city?osq=plumbing
91,https://www.yelp.com/biz/randall-mechanical-service-oklahoma-city?osq=plumbing
92,https://www.yelp.com/biz/gregorys-plumbing-co-oklahoma-city-2?osq=plumbing
93,https://www.yelp.com/biz/all-care-plumbing-services-oklahoma-city?osq=plumbing
94,https://www.yelp.com/biz/brinkleys-plumbing-oklahoma-city?osq=plumbing
95,https://www.yelp.com/biz/cherokee-plumbing-edmond?osq=plumbing
96,https://www.yelp.com/biz/hull-plumbing-oklahoma-city-2?osq=plumbing
97,https://www.yelp.com/biz/j-and-j-plumbing-newcastle?osq=plumbing
98,https://www.yelp.com/biz/metrorooter-plumbing-norman-2?osq=plumbing
99,https://www.yelp.com/biz/jcm-specialty-service-del-city?osq=plumbing
100,https://www.yelp.com/biz/jcm-specialty-service-del-city?osq=plumbing
101,https://www.yelp.com/biz/pooter-rooter-and-plumbing-oklahoma-city?osq=plumbing
102,https://www.yelp.com/biz/b-and-r-pump-and-equipment-oklahoma-city?osq=plumbing
103,https://www.yelp.com/biz/randalls-mechanical-heating-and-air-oklahoma-city?osq=plumbing
104,https://www.yelp.com/biz/flair-it-okc-oklahoma-city?osq=plumbing
105,https://www.yelp.com/biz/neeley-james-r-oklahoma-city?osq=plumbing
106,https://www.yelp.com/biz/southwest-mechanical-contractors-oklahoma-city?osq=plumbing
107,https://www.yelp.com/biz/heartland-plumbing-oklahoma-city?osq=plumbing
108,https://www.yelp.com/biz/dks-plumbing-and-filtration-llc-midwest-city?osq=plumbing
109,https://www.yelp.com/biz/all-plumbing-solutions-norman?osq=plumbing
110,https://www.yelp.com/biz/a-t-s-plumbing-company-and-rooter-too-oklahoma-city?osq=plumbing
111,https://www.yelp.com/biz/bryant-plumbing-heating-and-air-conditioning-oklahoma-city-2?osq=plumbing
112,https://www.yelp.com/biz/pro-rooter-oklahoma-city?osq=plumbing
113,https://www.yelp.com/biz/reliable-septic-services-norman?osq=plumbing
114,https://www.yelp.com/biz/jds-plumbing-and-utility-service-blanchard-2?osq=plumbing
115,https://www.yelp.com/biz/pipe-down-slab-leak-repair-edmond?osq=plumbing
116,https://www.yelp.com/biz/kirkland-plumbing-service-midwest-city?osq=plumbing
117,https://www.yelp.com/biz/mid-city-plumbing-oklahoma-city?osq=plumbing
118,https://www.yelp.com/biz/jays-plumbing-and-heating-oklahoma-city?osq=plumbing
119,https://www.yelp.com/biz/fox-plumbing-company-oklahoma-city?osq=plumbing
120,https://www.yelp.com/biz/hayes-and-delcid-plumbing-norman?osq=plumbing
121,https://www.yelp.com/biz/strategier-plumbing-norman?osq=plumbing
122,https://www.yelp.com/biz/darnell-plumbing-heat-and-air-conditioning-oklahoma-city-2?osq=plumbing
123,https://www.yelp.com/biz/alexander-plumbing-and-electric-oklahoma-city?osq=plumbing
124,https://www.yelp.com/biz/plumbing-masters-oklahoma-city?osq=plumbing
125,https://www.yelp.com/biz/m-d-s-plumbing-norman?osq=plumbing
126,https://www.yelp.com/biz/oklahoma-painting-and-construction-oklahoma-city?osq=plumbing
127,https://www.yelp.com/biz/city-plumbing-services-norman?osq=plumbing
128,https://www.yelp.com/biz/good-old-days-plumbing-midwest-city?osq=plumbing
129,https://www.yelp.com/biz/plumbtastic-solutions-oklahoma-city?osq=plumbing
130,https://www.yelp.com/biz/911-restoration-of-oklahoma-city-oklahoma-city?osq=plumbing
131,https://www.yelp.com/biz/brown-marc-plumbing-norman?osq=plumbing
132,https://www.yelp.com/biz/quality-plumbing-and-heating-of-norman-inc-norman?osq=plumbing
133,https://www.yelp.com/biz/the-oldfashion-handyman-oklahoma-city?osq=plumbing
134,https://www.yelp.com/biz/okc-drainworks-oklahoma-city?osq=plumbing
135,https://www.yelp.com/biz/oasis-plumbing-and-mechanical-oklahoma-city?osq=plumbing
136,https://www.yelp.com/biz/par-sprinkler-norman?osq=plumbing
137,https://www.yelp.com/biz/royal-flush-plumbing-oklahoma-city?osq=plumbing
138,https://www.yelp.com/biz/ter-rey-plumbing-co-oklahoma-city?osq=plumbing
139,https://www.yelp.com/biz/friendly-plumbing-oklahoma-city?osq=plumbing
140,https://www.yelp.com/biz/ab-discount-plumbing-oklahoma-city-3?osq=plumbing
141,https://www.yelp.com/biz/jet-plumbing-service-oklahoma-city-3?osq=plumbing
142,https://www.yelp.com/biz/d-owen-construction-norman-3?osq=plumbing
143,https://www.yelp.com/biz/all-right-plumbing-oklahoma-city?osq=plumbing
144,https://www.yelp.com/biz/hodgens-construction-norman-3?osq=plumbing
145,https://www.yelp.com/biz/george-patricks-plumbing-oklahoma-city?osq=plumbing
146,https://www.yelp.com/biz/red-plains-plumbing-oklahoma-city?osq=plumbing
147,https://www.yelp.com/biz/h-m-s-heating-and-air-conditioning-newcastle?osq=plumbing
148,https://www.yelp.com/biz/plumb-ready-plumbing-oklahoma-city?osq=plumbing
149,https://www.yelp.com/biz/american-water-solutions-newcastle?osq=plumbing
150,https://www.yelp.com/biz/southeast-plumbing-heating-and-air-oklahoma-city?osq=plumbing
151,https://www.yelp.com/biz/stone-creek-plumbing-serv-oklahoma-city?osq=plumbing
152,https://www.yelp.com/biz/absolute-plumbing-and-mech-norman?osq=plumbing
153,https://www.yelp.com/biz/s-and-s-plumbing-ii-norman?osq=plumbing
154,https://www.yelp.com/biz/couts-plumbing-oklahoma-city?osq=plumbing
155,https://www.yelp.com/biz/j-b-drip-plumbing-norman?osq=plumbing
156,https://www.yelp.com/biz/gregorys-plumbing-co-norman?osq=plumbing
157,https://www.yelp.com/biz/rst-plumbing-and-mechanical-norman?osq=plumbing
158,https://www.yelp.com/biz/giesbrecht-drain-cleaning-oklahoma-city-3?osq=plumbing
159,https://www.yelp.com/biz/water-works-plumbing-oklahoma-city?osq=plumbing
160,https://www.yelp.com/biz/integrity-plumbing-oklahoma-city?osq=plumbing
161,https://www.yelp.com/biz/k-and-a-services-2019-oklahoma-city?osq=plumbing
162,https://www.yelp.com/biz/m-and-k-mechanical-oklahoma-city?osq=plumbing
163,https://www.yelp.com/biz/hansmeyer-plumbing-and-heating-norman?osq=plumbing
164,https://www.yelp.com/biz/americas-choice-plumbing-oklahoma-city?osq=plumbing
165,https://www.yelp.com/biz/lacey-mechanical-newcastle?osq=plumbing
166,https://www.yelp.com/biz/patricks-george-plumbing-oklahoma-city?osq=plumbing
167,https://www.yelp.com/biz/abobs-plumbing-oklahoma-city?osq=plumbing
168,https://www.yelp.com/biz/grooms-irrigation-oklahoma-city-2?osq=plumbing
169,https://www.yelp.com/biz/streets-oklahoma-city?osq=plumbing
170,https://www.yelp.com/biz/chets-heating-and-air-conditioning-oklahoma-city?osq=plumbing
171,https://www.yelp.com/biz/innovative-plumbing-designs-norman?osq=plumbing
172,https://www.yelp.com/biz/faucet-parts-norman?osq=plumbing
173,https://www.yelp.com/biz/aladdin-plumbing-oklahoma-city?osq=plumbing
174,https://www.yelp.com/biz/24-hour-emergency-plumbers-oklahoma-city?osq=plumbing
175,https://www.yelp.com/biz/nowell-and-sons-plumbing-oklahoma-city-4?osq=plumbing
176,https://www.yelp.com/biz/hite-plumbing-heating-and-air-conditioning-oklahoma-city?osq=plumbing
177,https://www.yelp.com/biz/bob-morrell-plumbing-norman?osq=plumbing
178,https://www.yelp.com/biz/darnell-plumbing-heating-and-air-oklahoma-city-2?osq=plumbing
179,https://www.yelp.com/biz/thunder-plumbing-oklahoma-city?osq=plumbing
180,https://www.yelp.com/biz/chesters-plumbing-heating-and-air-conditioning-midwest-city?osq=plumbing
181,https://www.yelp.com/biz/okc-winnelson-company-oklahoma-city-2?osq=plumbing
182,https://www.yelp.com/biz/butler-restoration-oklahoma-city?osq=plumbing
183,https://www.yelp.com/biz/champion-plumbing-edmond-6?osq=plumbing
184,https://www.yelp.com/biz/advanced-plumbing-and-sewer-service-oklahoma-city?osq=plumbing
185,https://www.yelp.com/biz/lieber-plumbing-heating-and-air-conditioning-oklahoma-city?osq=plumbing
186,https://www.yelp.com/biz/gordons-gregorys-oklahoma-city?osq=plumbing
187,https://www.yelp.com/biz/a-amacs-plumbing-and-rooter-service-expert-sewer-and-drain-cleaning-oklahoma-city-2?osq=plumbing
188,https://www.yelp.com/biz/ready-septic-oklahoma-city?osq=plumbing
189,https://www.yelp.com/biz/bruces-plumbing-oklahoma-city?osq=plumbing
190,https://www.yelp.com/biz/major-plumbing-sewer-and-drain-oklahoma-city?osq=plumbing
191,https://www.yelp.com/biz/a-account-drain-cleaners-llc-and-plumbing-oklahoma-city?osq=plumbing
192,https://www.yelp.com/biz/drain-man-plumbing-oklahoma-city-2?osq=plumbing
193,https://www.yelp.com/biz/performance-plus-mechanical-norman?osq=plumbing
194,https://www.yelp.com/biz/toms-maintenance-and-home-repairs-midwest-city-2?osq=plumbing
195,https://www.yelp.com/biz/progress-plumbing-oklahoma-city?osq=plumbing
196,https://www.yelp.com/biz/bluefrog-plumbing-drain-of-oklahoma-city-oklahoma-city-2?osq=plumbing
197,https://www.yelp.com/biz/mullin-plumbing-available-oklahoma-city?osq=plumbing
198,https://www.yelp.com/biz/action-plumbing-oklahoma-city?osq=plumbing
199,https://www.yelp.com/biz/h2o-rooter-doctor-oklahoma-city?osq=plumbing
200,https://www.yelp.com/biz/stone-creek-plumbing-services-oklahoma-city?osq=plumbing
201,https://www.yelp.com/biz/vannoy-and-son-drilling-company-nicoma-park?osq=plumbing
202,https://www.yelp.com/biz/kellys-plumbing-supplies-nicoma-park?osq=plumbing
203,https://www.yelp.com/biz/jeffs-plumbing-blanchard?osq=plumbing
204,https://www.yelp.com/biz/chem-can-services-oklahoma-city-2?osq=plumbing
205,https://www.yelp.com/biz/plumb-tech-midwest-city-3?osq=plumbing
206,https://www.yelp.com/biz/emergency-plumbing-oklahoma-city?osq=plumbing
207,https://www.yelp.com/biz/hayes-plumbing-and-heating-oklahoma-city?osq=plumbing
208,https://www.yelp.com/biz/gregorys-plumbing-oklahoma-city?osq=plumbing
209,https://www.yelp.com/biz/gregorys-plumbing-co-norman-2?osq=plumbing
210,https://www.yelp.com/biz/boyle-services-inc-st-tulsa?osq=plumbing
211,https://www.yelp.com/biz/grooms-sewer-and-plumbing-service-oklahoma-city?osq=plumbing
212,https://www.yelp.com/biz/american-leak-detection-of-central-oklahoma-norman?osq=plumbing
213,https://www.yelp.com/biz/j-and-b-kustom-norman?osq=plumbing
214,https://www.yelp.com/biz/zaxs-plumbing-sewer-and-drain-oklahoma-city?osq=plumbing
215,https://www.yelp.com/biz/boyle-services-inc-midwest-city-2?osq=plumbing
216,https://www.yelp.com/biz/advent-heat-air-plumbing-and-electric-choctaw?osq=plumbing
217,https://www.yelp.com/biz/yukon-plumbing-yukon?osq=plumbing
218,https://www.yelp.com/biz/russell-plumbing-oklahoma-city?osq=plumbing
219,https://www.yelp.com/biz/jcc-plumbing-oklahoma-city?osq=plumbing
